DATETIME,CF,WS_1133733,WS_1156770,WS_1156968,WS_1182195,WS_1193865,WS_1321569,WS_1324653,WS_1358699,WS_1366338,WS_1366351,WS_1369320,WS_1461024,WS_1481513,WS_1504146,WS_1513782,WS_1513805,WS_1571308,WS_1574484,WS_1625339,WS_1625374,WS_1628663,WS_1681085,WS_1820276,WS_1820279,WS_1899876,WS_1911282,WS_1937650,WS_1937653,WS_1953863,WS_1960535,WS_2113254,WS_2113394,WS_2118117,WS_2217107,WS_2379547,WS_2385763,WS_2455069,WS_2460378,WS_2467589,WS_2467635,WS_2479335,WS_2479342,WS_2479346,WS_2503597,WS_2508545,WS_2508550,WS_2586062,WS_593968,WS_594133,WS_609612,WS_629008,WS_629020,WS_631992,WS_651000,WS_676278,WS_676403,WS_676534,WS_72720,WS_72721,WS_72733,WS_73450,WS_73451,WS_73494,WS_73822,WS_74020,WS_74022,WS_74124,WS_74158,WS_74180,WS_74243,WS_745977,WS_746023,WS_74719,WS_74884,WS_751132,WS_75213,WS_75287,WS_75812,WS_75931,WS_75932,WS_75933,WS_75934,WS_75935,WS_75936,WS_75955,WS_76003,WS_76004,WS_76275,WS_76434,WS_76888,WS_77067,WS_77080,WS_77363,WS_77370,WS_77682,WS_77683,WS_77720,WS_77740,WS_77985,WS_78026,WS_78205,WS_78207,WS_78208,WS_811655,WS_839753,WS_875373,WS_883683,WS_883699,WS_914573,WS_918665,WS_920775,WS_921049
1/9/2020 0:00,0.018754405,1.69,1.88,3.15,0.92,2.27,1.14,1.24,2.98,2.53,2.18,1.55,1.59,1.1,2.09,1.44,1.43,1.23,1.51,1.15,1.22,2.29,1.24,1.09,0.83,2.78,2.28,1.42,1.77,10.07,2.01,2.5,3.04,3.2,1.38,2.08,9.1,1.16,1.98,1.6,1.44,3.25,3.18,3.18,0.83,1.18,1.08,3.2,2.4,1.27,1.68,0.98,0.93,1.34,1.31,1.9,1.28,1.99,1.44,1.39,1.42,1.35,1.02,1.31,1.08,1.52,1.28,0.93,2.13,1.54,0.97,1.61,1.38,2.09,1.47,2.08,1.5,1.47,0.77,1.44,1.35,1.41,1.24,1.16,1.18,2.4,1.95,1.44,1.05,1.55,1.45,1.19,1.39,1.17,1.47,1.35,1.31,1.35,0.77,2.38,1.94,1.95,1.98,1.4,1.27,1.27,1.43,1.28,1.91,1.12,1.15,1.35,1.46
1/9/2020 1:00,0.027166894,1.6,2.02,3.91,0.44,2.36,1.15,1.63,2.83,2.84,2.2,1.17,1.66,1.28,2.43,1.38,1.37,1.95,1.49,1.65,1.46,2.33,1.49,1.1,1.19,2.79,2.45,1.03,1.37,9.97,2.04,1.72,4.72,4.62,1.6,2.46,8.29,1.03,2.13,3.25,2.14,4.95,4.6,4.88,1.11,1.24,0.92,4.97,2.58,0.89,1.41,0.83,1.04,1.47,1.37,1.26,1.22,3.38,1.37,1.38,1.52,1.45,0.8,1.07,1.21,1.42,1.01,1.04,2.15,1.68,1.06,2.43,1.5,2.1,1.27,2.08,1.31,1.47,0.79,1.37,1.32,1.54,1.53,1.37,1.24,2.57,2.1,1.22,1.16,1.17,1.39,0.86,1.11,1.46,1.29,1.32,1.31,1.13,0.79,2.67,1.71,1.85,2.13,1.02,1.11,1.43,2.04,1.6,1.57,1.03,1.28,1.49,1.29
1/9/2020 2:00,0.041184327,1.79,2.14,4.2,0.65,2.06,1.28,2.36,3.07,2.34,1.94,1.55,1.82,1.29,3.49,1.64,1.6,2.94,1.68,1.92,1.31,2.05,1.28,0.9,0.8,2.04,3.24,0.81,1,9.79,2.17,1.37,5.27,5.17,1.71,3.62,7.65,0.91,2.22,3.64,3.28,5.6,5.14,5.68,0.97,1.26,0.86,5.64,2.14,0.79,1.69,1.03,1.39,1.52,1.62,1.04,1.31,4.59,1.61,1.59,1.6,1.63,0.85,1.14,1.5,1.62,1.11,1.39,2.26,1.64,1.35,3.63,1.62,2.22,1.54,2.03,1.35,1.48,0.88,1.61,1.65,1.63,1.65,1.42,1.26,2.17,2.2,1.49,1.45,1.33,1.4,1.18,1.31,1.57,1.34,1.65,1.63,1.43,0.88,2.19,1.93,1.99,2.22,1.39,1.42,1.42,2.91,1.81,1.85,1.1,1.56,1.54,1.56
1/9/2020 3:00,0.042407534,2.01,2.32,5.17,0.51,2.31,0.83,3.39,3.38,2.53,2.26,1.73,1.72,1.04,2.77,2.27,2.19,3.73,1.78,2.39,1.63,2.11,1.61,0.82,1.12,3.18,3.37,0.89,0.91,9.72,2.47,1.52,5.47,4.98,2.19,2.91,6.99,0.78,1.8,3.59,2.99,5.54,4.97,5.59,1.05,1.6,1.19,5.71,2.48,0.86,1.91,1.18,1.51,1.94,2.27,1.11,1.5,4.72,2.23,2.18,2.1,2.23,0.89,1.54,2.06,1.79,1.48,1.51,2.59,1.78,1.88,3.5,2.14,2.54,2.16,2.17,1.77,1.93,1.03,2.23,2.36,2.12,2,1.73,1.61,2.37,2.43,1.66,2.07,1.73,1.85,1.31,1.59,1.87,1.73,2.36,2.39,1.81,1.03,2.52,2.21,2.31,1.8,1.55,2.01,1.26,2.49,2.09,2.09,1.06,2.12,1.66,2.18
1/9/2020 4:00,0.045492666,2.12,2.54,4.19,0.77,4.52,0.97,2.89,3.79,4.21,4.46,1.58,2.23,1.08,1.83,2.69,2.6,2.15,1.94,3.08,1.9,4.61,1.88,1.1,1.36,3.21,4.67,0.89,0.92,9.26,2.49,1.13,6.49,5.18,2.45,1.78,5.59,1.24,2.59,4.49,1.4,6.07,5.18,6.09,0.89,1.81,1.39,6.35,4.43,0.85,1.98,1.28,1.63,2.22,2.66,0.92,1.52,2.64,2.64,2.59,2.46,2.62,0.91,1.81,2.29,1.97,1.73,1.63,2.56,2.01,2.13,1.63,2.51,2.53,2.58,4.52,2.15,2.32,1.16,2.64,2.78,2.45,2.17,1.91,1.81,4.58,2.58,1.81,2.36,1.58,2.22,1.43,1.86,2.03,2.11,2.78,2.8,2.17,1.16,4.1,2.36,2.29,2.01,1.64,2.4,1.69,1.36,2.08,2.06,1.08,2.33,2.17,2.6
1/9/2020 5:00,0.042185685,2.25,2.56,5.36,0.88,3.11,1.12,1.9,4.28,3.5,3.11,2.23,2.03,1.26,2.86,4.07,3.99,1.73,3.07,2.57,1.72,2.05,1.68,0.73,1.07,2.45,3.6,1.53,1.19,8.49,2.47,1.03,5.01,3.51,4.04,2.89,5.21,1.35,2.19,4.4,2.39,4.5,3.51,4.51,1.44,3.36,3.03,4.69,3.42,1.52,2.24,1.87,2.14,3.82,4.18,1.05,1.6,2.08,4,4.02,4.04,4.15,1.56,3.53,3.96,2.17,3.48,2.14,2.51,2.07,3.79,2.34,4.09,2.48,3.97,2.72,3.7,3.9,1.69,4,4.23,4.04,3.7,3.37,3.36,3.22,2.58,2.11,4.03,2.23,3.81,2,3.54,3.46,3.65,4.23,4.3,3.25,1.69,3.63,3.63,2.35,2.19,2.15,3.33,2.51,2.59,3.56,2.29,1.33,3.99,3.13,3.99
1/9/2020 6:00,0.07697165,2.16,2.38,5.95,1,2.54,1.59,2.27,4.73,2.44,2.54,2.2,1.94,1.43,2.03,5.73,5.71,2.3,4.19,2.53,1.95,1.95,1.93,0.86,1.27,2.81,3.15,1.19,0.93,6.93,2.45,1.09,2.4,2.31,6.2,2.12,4.81,1.99,2.49,2.83,2.07,2.38,2.32,2.31,3.41,5.88,5.81,2.39,2.54,1.19,2.18,1.9,2.14,6.07,6,1.12,1.67,2.07,5.84,5.8,6.12,6.07,1.39,6.12,6.06,2.04,6.14,2.14,2.52,2.14,5.87,2.13,6.14,2.49,5.45,2.45,5.81,6.06,1.73,5.84,5.87,6.14,5.9,5.74,5.88,2.51,2.46,2.02,6.08,2.2,6.06,1.97,5.84,5.66,5.63,5.87,5.98,4.12,1.63,2.45,5.6,2.35,2.49,2.13,4.09,3.67,2,5.56,2.26,1.57,6.12,4.96,5.49
1/9/2020 7:00,0.106260355,1.94,2.11,6.9,1.47,2.18,1.98,2.7,4.92,2.73,2.05,2.14,1.83,1.6,2.22,6.56,6.58,2.3,5.08,1.4,1.7,3.07,1.7,1.37,1.52,3.85,3.22,1.86,1.84,4.92,2.29,1.49,1.81,2.15,7.62,2.2,3.77,2.91,2.23,2.32,2.17,1.86,2.17,1.6,5.69,7.64,7.68,1.62,2.44,1.82,2.12,1.99,1.99,7.65,7.05,1.57,1.96,2.17,7.26,6.75,7.45,7.21,1.76,7.78,7.38,1.77,7.85,1.99,2.45,2.43,7.22,2.18,7.43,2.39,6.21,1.76,7.01,7.47,1.98,7.26,6.73,7.51,7.47,7.4,7.64,2.4,2.18,1.89,7.33,2.14,7.51,1.88,7.26,7.27,6.77,6.73,6.89,4.47,1.98,2.55,6.78,2.26,2.23,2.03,4.28,4.58,2.17,7.16,2.33,1.94,7.45,6.3,6.25
1/9/2020 8:00,0.107221575,1.55,1.77,6.65,1.5,2.23,2.21,1.68,4.68,2.86,2.03,1.13,1.45,1.04,2.7,6.72,6.75,2.06,5.3,1.02,1.79,3.76,1.84,0.99,1.5,4.36,2.45,1.97,1.82,3.16,1.95,1.23,1.64,2.14,7.95,2.66,3.58,3.23,1.39,1.96,2.86,1.88,2.16,1.65,6.19,7.98,7.98,1.61,2.56,1.94,1.44,1.44,1.21,7.98,7.25,1.56,1.64,2.6,7.52,6.94,7.75,7.46,1.82,7.99,7.7,1.36,8.05,1.21,2.06,2.17,7.57,2.82,7.71,2.02,6.35,1.88,7.18,7.75,1.56,6.97,6.88,7.81,7.91,7.83,7.98,2.57,1.87,1.22,7.6,1.25,7.77,1.18,7.33,7.75,6.91,6.88,7.04,4.63,1.56,2.58,6.7,1.86,1.39,1.16,4.38,5.01,2.76,7.68,1.6,1.63,7.76,6.97,6.4
1/9/2020 9:00,0.08989141,0.98,1.15,7.1,1.49,2.69,2.12,2.27,4.44,2.56,2.6,0.97,1,0.85,3.24,5.25,5.27,3.38,4.32,1.64,1.65,3.56,1.71,0.61,1.55,3.35,1.96,1.25,1.29,2.36,1.14,1.37,1.66,1.58,6.84,3.33,3.35,2.7,1.15,1.61,3.89,1.55,1.6,1.35,4.9,6.86,6.82,1.47,2.71,1.18,1.01,1.05,1.11,6.85,5.93,1.45,0.98,3.89,6.2,5.5,6.52,6.16,0.97,6.75,6.55,0.96,6.8,1.11,1.22,1.46,6.4,4.09,6.49,1.19,4.86,2.63,5.77,6.49,1,6.2,5.48,6.62,6.85,6.76,6.86,2.7,1.16,0.89,6.43,0.97,6.51,0.89,5.99,6.69,5.45,5.48,5.7,3.25,1,2.65,5.41,1.14,1.15,0.97,3.1,4,3.3,6.58,1.21,1.38,6.62,4.94,4.9
1/9/2020 10:00,0.055795974,0.99,1.13,7.25,1.56,2.67,1.76,1.77,4.09,2.47,2.62,1.03,1.07,0.96,3.36,3.48,3.48,2.64,2.17,2.72,1.28,2.87,1.31,0.93,1.77,2.53,2.24,1.83,1.88,1.74,1.27,1.29,1.69,2.02,4.28,3.51,2.93,1.68,1.04,1.45,3.29,1.94,2.03,1.81,2.64,4.08,3.94,1.8,2.64,1.78,0.96,1.36,1.2,4.2,3.92,1.38,0.68,4.01,4,3.63,4.14,4.04,1.72,4.2,3.97,0.99,4.22,1.39,1.35,1.52,3.7,3.65,4.16,1.31,3.17,2.7,3.66,4.08,1.47,4,3.67,4.19,3.98,3.89,4.08,2.66,1.3,0.91,3.99,1.03,4.08,1.02,3.76,3.76,3.45,3.67,3.83,1.73,1.47,2.58,3.21,1.1,1.04,1,1.62,2.55,2.76,3.45,1.15,1.7,4.05,2.61,3.21
1/9/2020 11:00,0.043906674,0.92,1.03,6.33,1.96,3.03,1.66,2.6,3.85,2.85,3.01,0.87,1.16,1.77,3.37,2.72,2.67,3.36,1.9,3.63,1.1,2.43,1.1,1.07,1.86,2.11,1.87,1.47,1.47,1.44,1.11,1.34,3.62,4.03,2.46,3.52,2.99,1.89,0.93,1.8,3.49,3.92,4.03,3.94,1.83,2.04,2.11,3.89,2.97,1.37,0.87,1.1,1.14,2.26,2.85,1.32,0.73,4.49,2.76,2.7,2.58,2.77,1.14,2.28,2.49,0.89,2.27,1.14,1.16,1.37,2.35,3.86,2.63,1.14,2.65,3.17,2.54,2.48,1.25,2.76,2.9,2.54,2.13,2.04,2.04,2.97,1.1,0.83,2.65,0.87,2.43,0.9,2.61,2.03,2.5,2.9,3.01,1.88,1.25,2.91,2.33,1,0.93,0.9,1.83,1.82,3.05,1.95,1,1.48,2.5,1.9,2.66
1/9/2020 12:00,0.056645938,1.3,1.28,5.23,1.98,4.16,2.12,3.04,3.14,3.67,4.18,1.39,1.38,2.26,3.73,3.37,3.36,3.57,1.74,4.02,1.49,2.45,1.49,1.15,1.82,2.78,1.7,1.96,1.86,1.26,1.24,1.65,6.32,6.14,2.2,3.91,2.23,1.99,1.34,4.39,3.65,6.29,6.14,6.25,1.88,2.04,2.25,6.33,4.01,1.84,1.33,1.63,1.65,2.01,3.19,1.67,1.5,4.67,3.3,3.33,2.6,3.05,1.72,2.47,2.48,1.34,2.46,1.65,1.21,1.52,2.36,3.99,2.68,1.22,3.34,4.24,3.16,2.55,1.76,3.3,3.34,2.46,1.86,1.95,2.04,4,1.27,1.39,2.69,1.5,2.56,1.57,3.22,1.87,3.25,3.34,3.36,2.81,1.76,3.77,2.67,1.26,1.34,1.47,2.78,1.76,3.3,1.78,1.34,1.98,2.46,1.85,3.35
1/9/2020 13:00,0.076443206,1.46,1.47,4.2,2.24,4.87,3.01,3.69,2.65,4.7,4.86,1.5,1.24,2.38,3.78,4.26,4.23,3.55,2.1,4.13,1.94,2.61,1.95,1.54,2.06,3.37,2.02,1.97,1.97,1.13,1.35,2.14,7.48,6.95,2.02,3.93,1.91,2.1,1.54,7.48,3.4,7.25,6.95,7.19,1.57,1.79,1.93,7.33,4.9,1.82,1.43,1.75,1.76,1.86,3.58,2.07,1.83,4.5,3.12,4.05,2.56,3.3,1.78,2.18,2.44,1.52,2.14,1.76,1.29,1.36,2.29,3.77,2.68,1.31,4.38,4.85,3.53,2.48,1.78,3.12,4.03,2.36,1.73,1.63,1.79,4.86,1.45,1.53,2.68,1.5,2.47,1.71,3.4,1.56,3.82,4.03,3.89,4.28,1.78,4.85,3.26,1.37,1.54,1.58,4.18,1.94,3.2,1.63,1.4,2.84,2.41,2.36,4.37
1/9/2020 14:00,0.086868451,1.47,1.36,3.08,2.05,3.28,3.15,3.36,4.36,2.96,3.39,1.74,1.38,2.18,2.83,6.29,6.31,2.67,5.24,3.13,2.49,2.84,2.47,1.7,2.01,3.51,2.42,2.21,2.49,2.05,1.35,1.91,7.6,6.48,5.66,2.83,1.43,1.73,1.31,8.49,2.36,7.01,6.47,6.93,2.71,4.39,4.35,7.2,3.34,2.17,1.52,1.88,1.88,5.36,6.24,1.7,1.79,3.33,6.18,6.3,5.97,6.25,2.09,5.66,5.53,1.52,5.6,1.88,1.32,1.42,5.13,2.4,6.03,1.34,6.28,3.11,6.27,5.98,1.89,6.18,6.23,5.88,4.49,3.95,4.39,3.12,1.33,1.6,5.68,1.74,5.96,1.79,6.11,3.87,6.33,6.23,6.22,5.81,1.89,3.31,6.1,1.47,1.31,1.71,5.63,2.74,2.52,4.08,1.61,2.85,5.6,3.47,6.28
1/9/2020 15:00,0.150358674,1.04,1.04,2.08,1.88,2.94,2.75,3.24,3.55,3.01,2.94,1.1,1.55,1.82,2.32,8.12,8.19,2.4,7.37,3.27,3.45,3.22,3.4,2.81,2.77,4.77,2.39,2.34,2.67,3.13,0.91,1.96,7.01,5.9,8.58,2.25,2.18,3.25,0.95,8.06,2.13,6.43,5.9,6.36,5.76,8.45,8.54,6.61,3.06,2.18,1.02,1.29,1.18,8.64,8.35,1.89,1.7,2.4,8.25,8.28,8.64,8.49,1.85,9.02,8.01,1.11,9.04,1.18,0.84,1.25,7.65,2.01,8.6,0.86,7.87,3.11,8.65,8.76,1.35,8.25,8.11,8.62,8.17,8.12,8.45,3.03,0.97,1.13,8.11,1.1,8.83,1.31,8.78,7.94,8.48,8.11,8.17,6.69,1.35,3.08,8.27,0.96,0.95,1.17,6.36,5.08,2.25,7.53,1.03,2.46,8.12,5.93,7.9
1/9/2020 16:00,0.228764447,1.16,1.12,1.59,1.37,2.51,3.33,2.63,4.62,2.49,2.4,1.3,1.48,1.35,1.8,10.28,10.38,1.65,9.31,2.74,4.46,4.01,4.37,4.16,4.42,4.08,2.67,2.3,2.65,4.95,1.08,1.57,5.9,4.78,11.99,1.79,3.33,5.81,1.17,6.91,1.71,5.26,4.77,5.22,11.56,12.21,12.32,5.47,2.5,2.16,1.23,1.51,1.53,12.08,11.13,1.38,1.51,1.56,10.69,10.68,11.81,11.47,1.91,12.22,11.8,1.18,12.27,1.53,1.06,1.28,11.67,1.66,11.77,1.07,9.72,2.66,11.29,11.86,1.57,10.69,10.45,11.87,12.01,12.06,12.21,2.57,1.08,1.22,11.67,1.3,11.92,1.38,11.54,11.91,10.94,10.45,10.69,7.48,1.57,2.45,10.38,1.18,1.17,1.35,7.04,9.06,1.78,11.67,1.23,1.92,11.87,10.28,9.79
1/9/2020 17:00,0.261355766,1.67,1.52,2.2,0.92,2.96,3.29,2.75,4.68,2.38,2.84,2.15,2.21,1.05,1.88,10.61,10.71,1.8,10.36,4.24,3.81,4.41,3.72,4.54,4.32,4.09,3.24,2.88,3.09,6.03,1.53,0.91,5.04,3.76,13.56,1.89,4.38,9.03,1.65,6.03,1.7,4.54,3.73,4.52,13.86,14.16,14.33,4.76,2.71,2.77,1.85,2.32,2.07,13.78,11.91,0.72,1.18,1.99,12.56,11.16,13.09,12.39,2.62,13.8,13.13,1.69,13.91,2.07,1.49,1.25,13.01,1.83,12.99,1.51,9.72,3.56,12.03,13.18,2.4,12.56,10.94,13.24,14,14.14,14.16,2.94,1.5,1.83,12.88,2.15,13.26,2.15,12.49,14.01,11.4,10.94,11.32,7.07,2.4,2.36,11.17,1.7,1.65,2.11,6.75,10.15,1.68,13.65,1.77,1.42,13.23,11.61,9.83
1/9/2020 18:00,0.270887547,1.57,1.67,3.67,1.32,4.07,3.43,2.51,5.22,3.69,4.03,2.06,1.58,1.13,2.06,11.08,11.16,1.89,10.71,4.26,2.76,4.8,2.73,5.79,5.08,4.67,3.93,2.94,2.8,6.81,1.64,0.78,3.96,2.92,14.25,2.05,4.78,9.79,1.71,5.39,1.7,3.55,2.9,3.5,15.3,14.99,15.07,3.72,3.86,2.8,1.76,2.29,2.3,14.45,12.51,0.92,2.1,1.89,13.04,11.65,13.65,12.97,2.62,14.23,13.89,1.69,14.34,2.3,1.71,1.31,13.78,1.76,13.58,1.68,10.19,4.37,12.29,13.65,2.45,13.04,11.5,13.85,14.94,15.12,14.99,4.01,1.67,1.75,13.59,2.06,13.69,2.05,12.62,15.03,11.63,11.5,11.92,7.44,2.45,3.54,11.37,1.64,1.71,2.01,7.1,11.71,1.72,14.67,1.61,1.33,14,12.5,10.3
1/9/2020 19:00,0.285143717,1.85,1.85,4.37,2.47,4.92,3.17,2.46,6.65,5.11,4.82,2.21,1.3,1.81,2.64,11.85,11.89,1.67,11.54,4.22,2.02,5.93,2,7.68,6.96,5.54,4.09,3.64,2.83,6.72,1.73,2.07,2.67,1.79,15.61,2.68,5.94,10.37,1.75,4.1,2.03,2.18,1.81,2.02,16.84,16.54,16.54,2.27,4.87,3.7,1.91,2.33,2.31,15.81,13.4,2.26,2.55,1.99,12.54,12.4,14.76,13.89,3.4,15.3,15.15,1.94,15.44,2.31,1.75,1.34,15.13,2.04,14.66,1.74,10.86,5.03,13,14.71,2.43,12.54,12.39,15.02,16.57,16.83,16.54,5.06,1.77,2.01,14.82,2,14.74,2.39,13.4,16.74,12.26,12.39,12.86,7.84,2.43,4.74,12.1,1.78,1.75,2.16,7.62,11.98,2.12,16.33,1.74,1.35,15.25,12.48,10.98
1/9/2020 20:00,0.296884009,2.08,1.98,5.13,3,5.17,2.1,3.12,7.37,5.73,4.93,2.19,1.08,2.2,2.92,11.74,11.8,2.16,11.36,3.93,1.75,6.33,1.77,8.55,7.69,6,4.53,3.79,2.96,6.71,1.87,2.34,2.02,1.49,15.48,2.93,6.55,11.45,2.24,3.26,2.48,1.54,1.51,1.53,16.59,16.44,16.43,1.71,5.27,3.81,2.11,2.72,2.23,15.66,13.26,2.57,3.13,2.38,13.83,12.29,14.61,13.8,3.55,15.15,14.95,2.22,15.27,2.23,1.82,1.19,14.87,2.49,14.54,1.84,10.76,5.08,12.88,14.56,2.76,13.83,12.24,14.87,16.38,16.68,16.44,5.47,1.9,2.25,14.66,2.19,14.62,2.64,13.24,16.54,12.16,12.24,12.68,7.7,2.76,5.25,11.98,1.93,2.24,2.36,7.45,12.26,2.58,16.04,1.8,1.52,15.08,11.75,10.88
1/9/2020 21:00,0.304312098,2.1,2.14,5.73,4.02,5.22,1.45,4.12,7.42,5.98,4.85,2.12,1.18,2.41,3.35,11.1,11.14,3.07,10.75,3.65,1.72,6.73,1.75,8.57,8.1,6.46,5.47,4.24,3.23,6.23,1.86,2.99,2.04,1.31,14.13,3.25,6.95,12.14,1.93,3.02,3.17,1.68,1.32,1.64,15.46,14.87,15.01,1.86,5.45,4.27,2.05,3.01,3.04,14.27,12.45,3.41,3.04,2.64,11.7,11.6,13.51,12.9,3.94,14.1,13.76,2.28,14.23,3.04,1.77,1.04,13.62,2.94,13.47,1.8,10.16,4.97,12.06,13.46,3.1,11.7,11.57,13.7,14.7,14.95,14.87,5.64,1.98,2.27,13.55,2.12,13.52,2.72,12.46,14.79,11.43,11.57,11.99,7.24,3.1,5.5,11.46,1.88,1.93,2.34,6.98,12.25,3.44,14.33,1.77,1.99,13.87,11.32,10.28
1/9/2020 22:00,0.320516483,2.02,2.11,6.1,4.46,4.65,1.49,5.14,6.94,5.64,4.19,2.4,1.55,2.93,3.94,10.44,10.45,3.67,10.7,2.99,1.48,6.42,1.49,9.04,8,6.52,5.65,5,4.13,5.57,1.89,3.66,2.3,1.83,12.35,3.87,6.06,13.24,1.95,3.1,3.67,2.12,1.84,2.09,14.34,12.97,13.38,2.27,5,5.09,2.06,3.55,3.56,12.56,11.35,4.02,2.13,2.89,11.71,10.79,12.06,11.62,4.82,12.99,11.84,2.16,13.14,3.56,1.86,1.26,11.58,3.42,12.02,1.87,9.62,4.29,11.22,12.13,3.6,11.71,10.81,12.15,12.56,12.78,12.97,5.2,1.99,2.39,11.82,2.4,12.27,3.33,11.81,12.57,10.68,10.81,11.13,7,3.6,5.08,11.3,1.93,1.95,2.79,6.97,10.95,3.91,12,2.04,3.03,11.96,10.08,9.73
1/9/2020 23:00,0.336323324,2.3,2.21,6.05,4.46,4.17,1.33,5.87,6.61,5.35,3.74,2.37,1.53,3.19,4.15,10.56,10.6,4.08,10.33,2.92,1.63,6.62,1.66,8.79,7.75,6.97,5.92,5.62,5.02,5.5,1.94,3.79,2.78,2.53,12.98,4.01,6.02,13.61,2.54,3.41,3.9,2.74,2.53,2.72,14.5,13.69,13.98,2.85,4.58,5.74,2.39,3.52,3.53,13.21,11.68,4.22,1.71,3.07,11.08,11,12.55,12.02,5.38,13.4,12.57,2.52,13.54,3.53,1.88,1.56,12.43,3.6,12.5,1.9,9.71,3.78,11.51,12.61,3.84,11.08,10.97,12.69,13.39,13.6,13.69,4.74,1.94,2.59,12.45,2.37,12.73,3.35,12.08,13.44,10.93,10.97,11.34,6.8,3.84,4.78,11.3,2.17,2.54,2.65,6.68,11.18,4.18,13.01,2.13,3.58,12.67,10.33,9.81
1/10/2020 0:00,0.343226575,2.93,2.84,6.29,4.81,3.75,1.35,6.42,6.65,5.16,3.27,3.71,1.66,3.36,4.36,10.59,10.61,4.38,10.03,2.72,1.78,6.93,1.75,8.62,7.47,7.21,6.4,6.46,6.01,4.96,2.42,4.43,3.43,2.74,13.13,4.2,5.83,13.44,3.34,3.51,4.09,3.06,2.74,2.97,14.25,13.77,13.98,3.21,4.25,6.58,2.94,4.6,4.62,13.31,11.78,4.76,1.86,3.13,11.13,11.02,12.63,12.12,6.42,13.34,12.83,3.28,13.46,4.62,2.33,1.81,12.72,3.76,12.59,2.36,9.72,3.28,11.42,12.64,5,11.13,11.05,12.79,13.56,13.74,13.77,4.41,2.45,3.43,12.68,3.71,12.74,4.48,11.93,13.6,10.81,11.05,11.44,6.86,5,4.53,10.86,2.64,3.34,3.56,6.69,11.53,4.4,13.25,2.58,3.71,12.91,10.69,9.83
1/10/2020 1:00,0.344210719,3.99,3.43,6.54,6.37,3.2,1.86,6.09,6.59,4.7,2.72,5.12,2.13,3.24,3.91,10.45,10.5,3.81,9.48,2.99,1.71,6.79,1.72,7.52,7.15,7.47,6.9,7.22,6.82,4.65,2.98,5.38,3.23,2.45,13.26,3.69,5.56,13.15,2.86,3.5,3.35,2.81,2.47,2.65,14.1,13.94,14.05,2.92,3.67,7.31,4.32,6.6,5.76,13.45,11.71,5.64,1.88,2.62,12.16,10.94,12.7,12.1,7.39,13.32,12.95,4.55,13.42,5.76,2.98,2.2,12.88,3.04,12.64,2.96,9.6,2.79,11.52,12.73,6.39,12.16,10.86,12.88,13.82,14,13.94,3.87,2.9,5.15,12.73,5.12,12.81,6.82,11.96,13.9,10.93,10.86,11.25,6.73,6.39,3.96,10.52,3.5,2.86,5.85,6.39,11.83,3.7,13.61,3.91,4.26,13.04,10.99,9.7
1/10/2020 2:00,0.348470798,3.6,3.39,6.73,7.25,3.63,1.54,6.61,7.13,4.93,3.31,4.73,2.21,3.51,4.34,10.32,10.38,4.23,8.46,3.62,1.81,7.39,1.82,7.01,6.31,7.95,6.87,7.51,7.2,4.62,3,6.27,2.92,2.29,13.12,4.13,5.58,12.7,3.33,3.2,3.7,2.58,2.3,2.46,13.18,13.75,13.73,2.75,4.06,7.61,3.86,6.56,5.61,13.27,11.53,6.71,1.5,3.09,11.98,10.79,12.54,11.93,7.63,12.97,12.79,4.02,13.05,5.61,2.85,2.36,12.7,3.41,12.48,2.87,9.49,3.17,11.27,12.52,6.57,11.98,10.68,12.72,13.73,13.89,13.74,4.14,3.36,4.71,12.53,4.73,12.56,6.46,11.57,13.83,10.68,10.68,11.03,6.61,6.57,4.34,9.89,3.14,3.33,5.48,6.3,12.49,4.09,13.55,3.6,4.94,12.88,11.74,9.59
1/10/2020 3:00,0.317977965,3.55,3.52,7.03,7.8,3.73,1.08,6.85,7.6,5.27,3.3,3.62,1.8,3.88,4.55,10.19,10.26,4.41,8.22,3.23,1.9,7.71,1.9,5.9,4.96,8.46,7.24,6.9,6.78,4.34,3.1,6.97,2.89,1.89,13.1,4.37,5.44,12.26,3.3,3.09,3.98,2.35,1.9,2.33,12.33,13.66,13.52,2.7,4.26,6.97,3.62,4.92,4,13.23,11.45,7.39,1.72,3.6,10.77,10.7,12.5,11.87,6.56,12.86,12.75,3.78,12.93,4,2.9,2.02,12.64,3.78,12.44,2.96,9.32,3.26,11.19,12.48,5.32,10.77,10.54,12.68,13.72,13.85,13.66,4.41,3.39,3.73,12.46,3.62,12.51,4.38,11.44,13.8,10.59,10.54,10.91,6.31,5.32,4.56,9.66,3.22,3.3,3.8,5.93,12.44,4.27,13.56,3.07,6.28,12.85,11.69,9.43
1/10/2020 4:00,0.282780133,3.12,3.16,7.16,8.49,3.54,1.45,6.72,7.86,5.1,3.03,3.92,1.37,4.03,4.08,10.02,10.06,4.14,7.91,2.98,1.75,7.53,1.8,4.04,3.92,8.43,7.44,6.37,5.9,4.61,2.55,7.91,2.57,1.6,12.88,3.89,4.81,11.39,3.49,3.31,3.45,2.15,1.61,2.3,11.56,13.52,13.34,2.54,4.1,6.32,3.18,4.67,4.7,12.98,11.31,8.55,2.85,3.18,11.68,10.5,12.26,11.71,5.9,12.56,12.64,3.44,12.64,4.7,2.37,1.85,12.55,3.23,12.23,2.41,9.12,3.08,10.8,12.16,4.94,11.68,10.45,12.45,13.55,13.73,13.52,4.31,2.86,3.46,12.38,3.92,12.18,4.3,10.99,13.68,10.21,10.45,10.84,6.29,4.94,4.37,9.3,2.68,3.49,3.81,6.01,12.4,3.79,13.38,3.04,7.05,12.74,11.67,9.23
1/10/2020 5:00,0.202681531,2.57,2.38,7.23,7.77,4.2,2.09,6.75,9.44,5.77,3.66,2.78,1.1,3.7,4.3,9.28,9.3,4.06,6.52,3.07,2.11,8.02,2.14,3.41,2.83,8.79,7.65,4.23,4.49,4.16,2.74,7.19,2.26,1.34,11.83,4.14,4.42,8.75,2.68,3.11,3.53,1.94,1.35,2.05,9.48,12.13,11.86,2.21,4.77,3.97,2.66,2.68,2.7,11.81,10.48,7.65,5.61,3.21,10.77,9.73,11.28,10.85,3.5,11.27,11.72,2.68,11.31,2.7,2.96,3.3,11.63,3.32,11.28,2.89,8.39,3.71,9.83,11.12,2.86,10.77,9.7,11.45,12.32,12.36,12.13,5,2.37,2.74,11.5,2.78,11.08,2.92,9.76,12.35,9.29,9.7,10.07,5.59,2.86,5.01,7.91,2.83,2.68,2.76,5.44,11.72,3.85,12.24,2.66,6.91,11.8,11.46,8.5
1/10/2020 6:00,0.121127079,2.87,2.32,7.24,6.71,4.78,1.72,6.73,11.18,6.44,4.13,3.17,2.57,3.22,4.57,7.52,7.47,4.07,4.91,2.77,2.02,8.5,2.03,2.71,3.69,9.16,7.65,3.06,2.98,4.52,3.07,6.21,1.82,1.19,9.28,4.43,4.23,4.41,3.31,2.71,3.7,1.58,1.19,1.61,7.03,9.24,8.8,1.76,5.46,3,3.1,3.05,2.98,9.16,8.43,6.54,9.38,3.21,8.45,7.78,8.85,8.59,3.01,8.49,9.4,3.34,8.48,2.98,3.65,4.55,9.42,3.49,8.88,3.45,6.83,4.22,7.62,8.64,2.85,8.45,7.98,8.98,9.62,9.53,9.24,5.7,2.41,3.42,9.28,3.17,8.57,3.61,7.47,9.63,7.19,7.98,8.32,4.43,2.85,5.65,5.65,3,2.54,3.28,4.41,7.4,4.06,9.67,2.97,5.8,9.43,9.55,6.92
1/10/2020 7:00,0.107185399,2.77,2.73,7.23,5.49,4.31,1.09,6.93,12.12,6.01,3.74,3.35,4.86,2.49,4.47,5.21,5.21,4.45,3.86,2.47,2.31,8.24,2.3,2.63,4.51,9,7.6,6.14,5.01,5.01,3.32,5.79,1.64,1.64,6.7,4.31,3.98,3.55,2.63,2.12,3.85,1.48,1.65,1.48,6.05,6.29,6.01,1.63,4.95,6.29,2.99,4.31,3.42,6.4,5.92,5.91,11.22,3.34,6.03,5.46,6.34,6.08,6.09,5.64,6.75,2.71,5.64,3.42,3.9,5.33,6.77,3.61,6.34,3.7,4.7,3.77,5.44,6.14,4.28,6.03,5.49,6.45,6.78,6.58,6.29,5.18,2.75,3.13,6.64,3.35,5.98,4.32,5.12,6.71,5.13,5.49,5.76,2.76,4.28,5.2,4.31,3.35,2.63,3.76,2.66,4.98,4.15,7.02,3.92,4.85,6.77,6.21,4.76
1/10/2020 8:00,0.100823551,3.26,3.02,7.08,4.61,4.22,1.5,6.91,11.68,6.03,3.63,3.86,5.05,2.3,4.65,3.74,3.75,4.68,2.69,2.07,7.29,7.91,7.14,3.03,5.27,8.96,7.52,7.25,7.11,5.72,3.72,5.76,1.7,1.5,4.72,4.48,3.84,4.18,3.33,1.84,4.12,1.57,1.5,1.59,4.32,4.64,4.73,1.73,4.92,7.17,3.51,4.21,3.7,4.59,4.24,5.84,10.34,3.67,4.38,3.91,4.55,4.35,6.58,4.69,4.78,3.14,4.74,3.7,4.19,5.47,4.82,3.91,4.54,4.03,3.38,3.66,4.2,4.51,4.16,4.38,3.95,4.61,4.7,4.65,4.64,5.13,3.2,3.29,4.72,3.86,4.48,4.26,4.41,4.65,3.96,3.95,4.13,2.43,4.16,5.18,3.55,3.9,3.08,3.72,2.59,4.78,4.38,4.81,4.66,3.35,4.79,4.82,3.43
1/10/2020 9:00,0.112031799,5.06,4.26,6.85,4.92,3.67,1.73,6.29,11.37,4.95,3.22,5.07,5.09,1.67,3.43,2.01,1.99,3.9,1.87,1.77,9.03,6.95,8.85,2.92,5.12,8.33,6.87,7.81,7.56,6.92,5.53,6.99,1.61,1.25,2.34,3.25,4.12,3.65,4.58,1.69,2.96,1.39,1.24,1.35,2.52,2.67,2.77,1.54,4.18,7.87,5.42,4.95,4.84,2.52,1.97,6.68,9.45,2.58,1.98,2,2.28,2.03,7.33,2.79,2.16,4.74,2.84,4.84,6,6.43,2.23,2.73,2.2,5.86,1.87,3.21,2.42,2.47,4.75,1.98,1.96,2.3,2.59,2.69,2.67,4.34,4.64,4.9,2.1,5.07,2.56,5.36,2.77,2.69,2.26,1.96,1.95,1.97,4.75,4.31,2.25,5.89,4.58,5.05,2.16,3.81,3.23,2.57,6.22,4.31,2.16,3.39,1.89
1/10/2020 10:00,0.100625982,5.3,4.29,6.75,5.93,2.81,1.33,5.44,10.69,3.88,2.59,5.89,5.1,2.94,2.68,3.41,3.44,3.47,3.61,1.56,8.81,5.51,8.5,3.64,5.25,7.33,6.1,7.85,7.48,7.73,5.52,8.39,1.01,1.14,3.79,2.52,4.51,4.51,5.06,1.52,2.54,1.09,1.15,1.03,3.18,3.81,3.83,1.01,3.17,7.92,5.73,6,5.9,3.85,3.52,7.78,10.11,2.38,3.47,3.5,3.8,3.64,7.49,3.95,3.6,5.21,3.96,5.9,6,5.41,3.61,2.39,3.76,5.85,3.2,2.46,3.76,3.88,5.77,3.47,3.36,3.8,3.81,3.8,3.81,3.22,4.75,5.6,3.55,5.89,3.91,6.27,3.83,3.82,3.58,3.36,3.37,2.8,5.77,3.43,3.32,5.84,5.06,6.01,2.87,4.71,2.7,3.81,5.89,5.91,3.63,4.46,3.23
1/10/2020 11:00,0.114579167,7.03,6.63,6.25,5.95,2.75,0.82,5.06,11.21,3.61,2.6,6.47,4.72,3.33,2.77,4.05,4.08,3.38,3.85,1.55,9.75,5.38,9.43,5.08,5.89,7.03,6.06,7.63,6.89,7.9,7.87,8.25,1.82,1.59,4.48,2.67,5.11,5.95,6.52,1.82,2.69,1.74,1.58,1.73,3.84,4.55,4.5,1.81,3.02,7.77,7.11,5.42,5.24,4.53,4.15,7.62,9.04,2.55,4.1,4.13,4.44,4.28,7.38,4.53,4.33,6.6,4.54,5.24,8.31,7.81,4.36,2.58,4.41,8.15,4,2.44,4.4,4.48,5.2,4.1,3.99,4.45,4.57,4.58,4.55,3.05,7.39,6.44,4.26,6.47,4.5,6.16,4.55,4.6,4.32,3.99,4,3.93,5.2,3.22,3.97,7.73,6.52,6.12,4.04,5.92,2.8,4.59,7.28,5.89,4.35,5.7,4
1/10/2020 12:00,0.107786283,7.19,7.34,5.38,6.32,2.57,1.63,4.85,11.73,3.19,2.36,6.1,6.41,3.68,2.78,4.69,4.73,3.41,4.07,1.21,9.99,4.8,9.66,5.78,6.75,6.56,5.64,6.2,5.06,8.22,8.25,8.62,2.83,2.71,4.99,2.73,6.04,7.01,8.21,2.38,2.83,2.79,2.71,2.77,4.37,5.02,5.06,2.83,2.8,6.44,6.92,5.11,5.06,5.05,4.74,7.96,8.63,2.82,4.72,4.76,4.99,4.86,6.32,5.19,4.85,6.83,5.2,5.06,8.71,9.06,4.86,2.77,4.96,8.53,4.66,2.31,5.07,5.08,5.02,4.98,4.59,4.99,4.99,4.98,5.02,2.79,8.03,6.39,4.78,6.1,5.12,5.7,5.3,4.99,5.03,4.59,4.57,4.64,5.02,2.88,4.51,7.75,6.9,5.7,4.74,6.27,2.85,5.01,6.98,6.18,4.87,6.11,4.66
1/10/2020 13:00,0.088796264,7.53,7.6,4.76,6.19,2.43,2.25,4.61,11.33,2.82,2.32,6.12,7.19,3.25,2.25,4.56,4.6,3.07,3.81,1.56,9.36,4.25,9.04,5.96,6.95,5.79,5.35,5.83,4.93,8.72,8.28,8.31,4.19,4.35,4.73,2.19,6.14,7.1,7.23,3.06,2.36,4.22,4.35,4.27,4.54,4.81,4.9,4.17,2.44,6.02,7.6,5.36,6.45,4.81,4.98,7.7,8.91,2.48,5.25,4.62,4.78,5.09,5.96,5.54,4.54,7.23,5.57,6.45,7.99,7.91,5.01,2.34,5.19,7.89,4.51,2.2,4.92,5.35,6.1,5.25,4.42,5.23,4.7,4.73,4.81,2.52,8.08,6.86,4.49,6.12,4.93,6.05,5.02,4.71,4.85,4.42,4.38,4.17,6.1,2.61,4.57,7.97,7.23,6.31,4.21,5.88,2.4,4.64,7.61,5.78,4.57,5.64,4.51
1/10/2020 14:00,0.069512551,6.8,6.27,4.63,6.24,2.21,1.91,3.82,10.94,2.58,2.15,6.76,5.39,3.3,1.99,4.82,4.86,2.63,4,2.29,8.64,2.66,8.31,5.98,6.16,4.55,4.6,7.23,6.47,9.21,7.19,8.69,5.14,5.04,4.82,1.96,5.92,7.19,6.85,4.18,2.11,5.1,5.04,5.06,4.19,4.78,4.81,5.12,2.32,7.35,7.09,6.26,6.37,4.84,4.78,8.02,7.64,2.26,4.81,4.85,4.89,4.84,7.17,4.96,4.76,6.57,4.96,6.14,7.49,7.53,4.77,2.07,4.87,7.39,4.84,2.05,5.08,4.95,5.93,4.81,4.71,4.87,4.78,4.76,4.78,2.33,6.73,6.64,4.72,6.93,4.96,6.73,5.17,4.79,5.09,4.71,4.67,4.71,5.93,2.37,4.87,7.32,6.85,6.78,4.75,6.38,2.07,4.82,7.38,5.8,4.77,6.04,4.83
1/10/2020 15:00,0.050458125,5.91,5.55,4.6,6.03,1.9,2.26,3.35,10.53,2.43,1.84,5.68,4.52,3.49,2.11,4.08,4.1,2.26,3.48,2.66,7.11,2.58,6.87,5.41,5.46,3.68,4.18,6.66,5.91,8.87,6.56,8.58,5.15,4.35,3.93,2.09,6.04,6.66,5.63,5.71,2.03,4.75,4.34,4.72,3.51,3.87,3.91,4.92,2.03,6.81,6.02,5.26,5.18,3.94,3.97,7.88,7.68,2.07,4.04,4.07,4,3.99,6.58,4.04,3.89,5.68,4.04,5.18,6.97,6.96,3.91,2,3.99,6.82,4.16,1.8,4.18,4.04,5.1,4.04,3.98,3.98,3.87,3.85,3.87,2.1,6.12,5.63,3.87,5.68,4.05,5.79,4.24,3.88,4.23,3.98,3.92,4.13,5.1,2.11,4.27,6.5,5.63,5.57,4.14,5.56,2.03,3.92,6.24,5.96,3.89,5.25,4.15
1/10/2020 16:00,0.048717045,4.29,3.51,4.82,5.82,1.93,2.98,2.44,9.32,2.27,2,5.43,3.54,3.09,1.88,3.87,3.92,1.65,3.41,2.89,8.01,2.25,7.68,5.27,5.22,2.34,4.38,6.87,6.52,9.1,4.18,8.79,4.87,4.04,3.76,1.89,5.58,6.24,4.32,5.91,1.71,4.44,4.03,4.4,3.34,3.72,3.75,4.61,2,6.9,4.64,5.69,5.66,3.78,3.77,8.01,7.36,1.7,3.91,3.89,3.85,3.83,6.68,3.92,3.68,4.41,3.92,5.66,4.51,4.66,3.7,1.65,3.83,4.39,3.96,1.89,4.08,3.91,5.64,3.91,3.74,3.82,3.71,3.69,3.72,2.03,3.78,4.77,3.66,5,3.92,5.67,4.19,3.71,4.13,3.74,3.68,4.07,5.64,2.04,4.26,4.55,4.32,5.29,4.11,5.34,1.78,3.76,4.82,5.61,3.69,5.05,3.95
1/10/2020 17:00,0.05423511,4.29,3.5,4.42,5.98,2.15,4.08,2,9.8,1.9,2.24,5.44,3.52,3.04,1.42,3.36,3.39,1.31,2.72,3.31,7.09,1.75,6.75,4.77,4.81,1.52,3.84,6.64,6.59,9.34,4.01,8.88,4.83,4.2,3.08,1.46,6.1,5.85,4.28,5.36,1.12,4.49,4.19,4.41,2.78,3.03,3.07,4.59,2.09,6.67,4.68,5.58,5.17,3.11,3.18,8.13,8.05,1.27,3.29,3.34,3.19,3.21,6.42,3.25,3.01,4.38,3.25,5.17,4.18,3.73,3.03,1.16,3.17,4.14,3.45,2.22,3.43,3.26,5.45,3.28,3.23,3.15,3.02,3.01,3.03,2.04,3.62,4.81,3.01,5.44,3.28,5.58,3.47,3.05,3.46,3.23,3.15,3.46,5.45,1.98,3.5,4.51,4.28,5.33,3.56,4.59,1.23,3.07,4.72,5.73,3.01,4.33,3.44
1/10/2020 18:00,0.06018564,4.71,4.07,4.69,6.34,2.51,4.12,1.75,10.46,2.24,2.57,5.23,3.42,2.7,1.35,2.97,2.97,1.68,2.04,3.28,7.12,1.9,6.89,4.02,4.23,1.44,2.81,6.81,6.85,10.06,4.53,9.29,5.33,4.85,2.65,1.41,6.28,5.56,4.7,5.12,1.45,5.05,4.84,4.85,2.59,2.64,2.75,5.03,2.39,6.77,4.99,5.55,5.16,2.68,2.82,8.58,8.61,1.44,2.91,2.94,2.75,2.81,6.46,2.87,2.71,4.78,2.86,5.5,4.69,3.86,2.76,1.47,2.75,4.65,3.02,2.64,2.93,2.8,5.42,2.91,2.91,2.72,2.63,2.62,2.64,2.44,4.26,5.08,2.71,5.23,2.84,5.69,2.96,2.66,2.93,2.91,2.85,2.88,5.42,2.22,2.95,4.85,4.26,5.44,2.93,4.17,1.39,2.71,4.84,5.9,2.7,3.96,3.01
1/10/2020 19:00,0.055773331,4.37,3.81,3.84,5.94,2.95,2.42,1.85,10.39,2.43,2.89,5.06,3.58,1.84,1.7,2.68,2.63,2.39,1.61,3.22,6.38,1.92,6.24,3.54,3.9,1.8,1.59,6.5,6.61,10.79,4.21,9.12,4.69,3.46,2.38,1.7,6.72,5.16,3.99,4.74,2.01,4.11,3.45,3.97,2.12,2.36,2.38,4.27,2.75,6.45,4.62,4.99,4.93,2.38,2.5,8.34,8.43,1.83,2.45,2.57,2.42,2.45,6.08,2.4,2.36,4.39,2.4,4.69,4.34,3.66,2.41,1.92,2.41,4.31,2.7,3.05,2.45,2.43,4.91,2.58,2.65,2.4,2.4,2.4,2.36,2.79,3.97,4.68,2.39,5.06,2.42,5.22,2.54,2.43,2.44,2.65,2.61,2.4,4.91,2.52,2.42,4.5,3.99,5,2.56,3.88,1.93,2.47,4.47,5.55,2.35,3.7,2.71
1/10/2020 20:00,0.062974886,4.36,3.86,3.02,5.96,2.85,1.47,1.59,9.88,2.86,2.84,4.91,3.02,1.44,2.04,2.89,2.84,2.1,1.87,3.01,7.32,2.11,7.02,2.78,3.64,2.19,1.5,6.55,6.85,11.72,4.24,9.17,3.85,2.63,2.2,2.01,6.86,4.05,4.06,4.22,2.09,3.21,2.64,3.16,2.03,2.2,2.28,3.44,2.75,6.47,4.56,4.71,4.63,2.23,2.53,8.41,7.87,2.28,2.71,2.72,2.32,2.4,6.02,2.49,2.23,4.4,2.49,4.63,4.37,3.3,2.33,2.13,2.31,4.34,2.99,2.93,2.71,2.4,4.61,2.71,2.81,2.27,2.19,2.2,2.2,2.79,4.05,4.62,2.32,4.91,2.44,5.06,2.9,2.22,2.79,2.81,2.74,3.16,4.61,2.66,3.24,4.46,4.06,4.87,3.43,3.73,1.92,2.25,4.35,5.57,2.2,3.63,2.98
1/10/2020 21:00,0.060935696,4.01,3.27,2.81,5.93,2.93,1.36,1.34,9.98,2.99,2.9,4.5,2.97,1.91,2.02,3.1,3.04,2.28,1.93,2.9,6.81,2.17,6.57,2.15,3.41,2.18,2.05,6.6,7.18,11.88,3.84,9.41,3.23,2.14,2.19,2.06,6.59,3.51,3.53,3.42,2.41,2.71,2.14,2.65,1.83,2.1,2.14,2.89,2.82,6.45,4.33,4.63,4.57,2.19,2.66,8.53,7.78,2.59,2.54,2.91,2.37,2.51,5.92,2.47,2.27,4.02,2.47,4.57,3.92,3.32,2.36,2.49,2.37,3.92,3.28,2.97,2.81,2.43,4.59,2.54,3,2.31,2.12,2.1,2.1,2.89,3.52,4.31,2.35,4.5,2.47,4.85,2.97,2.14,2.93,3,2.89,3.73,4.59,2.7,3.31,4.23,3.53,4.66,3.96,3.93,2.16,2.22,4.25,5.83,2.23,3.92,3.26
1/10/2020 22:00,0.055814629,3.46,2.5,2.65,6.32,3.06,1.27,1.09,9.61,2.95,2.99,4.3,2.53,2.12,2.27,3.51,3.44,1.94,2.4,2.71,6.45,2.4,6.2,1.95,3.5,2.45,3.57,7.1,7.57,11.97,3.12,9.7,2.12,1.22,2.35,2.36,6.43,3.32,3.32,2.74,2.67,1.8,1.22,1.78,1.97,2.2,2.24,2,2.94,6.95,3.92,4.81,4.32,2.33,3,8.87,7.39,2.52,2.79,3.27,2.57,2.8,6.38,2.64,2.54,3.46,2.64,4.32,3.18,3.44,2.67,2.71,2.59,3.18,3.75,3.06,3.11,2.62,4.72,2.79,3.42,2.5,2.22,2.19,2.2,3,2.71,3.94,2.67,4.3,2.65,4.8,3.3,2.25,3.27,3.42,3.31,4.47,4.72,2.75,3.54,3.7,3.32,4.53,4.77,4,2.4,2.35,3.96,5.94,2.47,4.19,3.73
1/10/2020 23:00,0.050415601,2.84,2.42,2.22,5.97,2.85,1.72,1.64,9.82,3.29,2.65,3.31,2.8,1.85,2.01,3.32,3.25,1.8,2.3,1.97,6.2,2.87,6.02,2.14,3.57,2.76,3.2,6.33,7.43,11.81,2.73,9.41,1.77,1.1,2.17,2.09,6.67,3.34,2.66,2.46,2.46,1.62,1.1,1.6,2.03,2.11,2.19,1.79,2.88,6.07,3.12,3.52,3.25,2.18,2.75,8.57,6.99,2.12,3.04,3.06,2.36,2.53,5.29,2.5,2.29,2.76,2.51,3.25,2.88,3.35,2.45,2.43,2.36,2.83,3.59,2.75,2.91,2.42,3.58,2.57,3.23,2.29,2.12,2.12,2.12,3.03,2.55,3.02,2.41,3.31,2.46,3.56,3.14,2.17,3.07,3.23,3.1,4.36,3.58,2.83,3.6,3.03,2.66,3.41,4.67,4.06,2.27,2.27,3.17,5.54,2.23,4.14,3.56
1/11/2020 0:00,0.04857398,2.73,2.48,1.98,5.71,3.34,0.93,1.82,9.83,4.34,2.97,3.37,2.22,1.49,2.01,3.18,3.11,2.16,1.92,1.72,5.74,4.1,5.54,2.02,3.59,3.59,3.06,6.28,7.44,11.84,2.68,9.21,1.51,0.96,2.2,2.09,6.7,3.34,2.51,1.78,2.22,1.34,0.97,1.24,1.81,2.12,2.2,1.38,3.54,5.99,2.99,3.47,3.24,2.21,2.68,8.36,6.31,2.04,2.57,2.96,2.38,2.5,5.19,2.49,2.31,2.65,2.48,3.24,2.78,3.03,2.43,2.15,2.38,2.75,3.35,3.12,2.85,2.44,3.56,2.57,3.09,2.32,2.14,2.12,2.12,3.78,2.51,2.87,2.39,3.37,2.48,3.37,2.95,2.18,2.94,3.09,2.98,3.9,3.56,3.66,3.11,2.89,2.51,3.31,4.11,4.24,2.21,2.31,3.1,4.98,2.26,4.34,3.34
1/11/2020 1:00,0.053734531,2.26,1.89,2.56,5.65,3.78,0.97,2.6,9.5,4.7,3.47,3.51,1.68,1.41,2.33,2.56,2.53,2.66,1.92,1.37,5.26,4.07,5.02,1.61,3.05,3.58,2.07,6.79,7.65,11.47,2.18,9.16,1.44,1.01,2.02,2.31,6.45,3.47,2.18,1.15,2.43,1.27,1.02,1.16,1.91,1.96,2,1.31,4.05,6.55,2.7,3.8,3.27,1.99,2.28,8.27,6.11,2.04,2.4,2.42,2.08,2.21,5.75,2.16,2.26,2.29,2.17,3.27,2.34,2.52,2.41,2.32,2.11,2.3,2.7,3.42,2.42,2.1,3.8,2.4,2.47,2.06,2.05,2.02,1.96,4.18,1.94,2.78,2.29,3.51,2.12,3.71,2.66,2.1,2.51,2.47,2.48,3.25,3.8,4.19,2.73,2.58,2.18,3.39,3.43,3.87,2.53,2.28,2.92,5.18,2.22,4.07,2.68
1/11/2020 2:00,0.041221795,2.07,1.88,2.52,5.56,3.11,1.62,2.25,9.88,4.24,2.73,3.03,1.9,1.39,2.27,2.76,2.68,2.12,1.85,0.95,4.72,4,4.58,2.32,3.39,3.23,2.09,6.42,7.54,10.18,2.24,9.07,1.89,1.54,2.3,2.27,5.9,3,2.09,1.27,2.22,1.91,1.55,1.73,2.14,2.24,2.26,1.85,3.4,6.14,2.39,3.18,3.15,2.27,2.53,8.18,6.44,2.11,2.62,2.6,2.34,2.42,5.29,2.44,2.55,2.15,2.46,3.15,2.46,2.66,2.71,2.2,2.35,2.4,2.91,2.82,2.64,2.37,3.13,2.62,2.82,2.32,2.33,2.31,2.24,3.63,1.94,2.49,2.58,3.03,2.4,3.26,2.85,2.38,2.7,2.82,2.81,3.68,3.13,3.5,2.87,2.4,2.09,2.94,3.84,4.26,2.24,2.54,2.67,5,2.5,4.53,2.9
1/11/2020 3:00,0.038678505,2.22,1.92,2.45,5.67,2.32,1.37,2.13,9.88,3.13,2.22,3.3,1.96,1.43,2.05,3.8,3.74,1.98,2.17,1.41,5.42,3.48,5.2,2.37,3.55,2.99,1.72,6.64,7.82,8.63,2.24,9.14,2.08,1.71,2.79,2.06,5.87,2.51,1.98,1.98,2.15,1.94,1.72,1.76,2.38,2.67,2.72,1.91,2.45,6.34,2.62,3.5,3.48,2.8,3.33,8.27,6.14,2.11,3.57,3.6,3.01,3.17,5.46,3.1,2.89,2.2,3.09,3.48,2.45,2.68,3,2.16,3.01,2.39,3.94,2.18,3.55,3.09,3.48,3.57,3.69,2.94,2.67,2.64,2.67,2.6,1.95,2.62,2.98,3.3,3.13,3.4,3.59,2.69,3.64,3.69,3.57,4.81,3.48,2.48,3.43,2.54,1.98,3.2,5.01,4.74,2.02,2.8,2.95,5.19,2.85,5.03,3.93
1/11/2020 4:00,0.045669191,2.41,1.98,2.18,5.74,2.75,0.82,2.18,10.01,3.05,2.75,3.76,1.91,1.25,1.37,4.16,4.13,1.3,2.71,1.94,5.17,3.5,4.93,2.18,3.82,2.96,1.15,6.92,8.07,7.27,2.23,9.36,1.8,1.81,3.02,1.4,5.61,2.64,2.11,1.35,1.39,1.87,1.82,1.72,2.62,2.9,2.94,1.78,2.79,6.6,2.93,4.15,3.83,3.03,3.57,8.43,6.58,1.11,3.89,3.95,3.24,3.41,5.77,3.36,3.08,2.29,3.35,3.83,2.34,2.4,3.17,1.31,3.24,2.32,4.41,2.58,3.92,3.34,4.2,3.89,3.97,3.17,2.88,2.85,2.9,2.82,1.98,2.86,3.17,3.76,3.38,3.71,3.98,2.88,4.06,3.97,3.82,5.45,4.2,2.76,3.94,2.78,1.99,3.64,5.7,4.76,1.42,2.97,3.33,5.47,3.04,5.13,4.38
1/11/2020 5:00,0.038707349,2.4,2.01,2.22,5.8,2.74,1.34,2.28,10.12,3.18,2.61,3.48,2.12,1.76,1.55,4.39,4.33,1.62,2.68,1.8,4.53,3.11,4.33,2.32,4.02,2.15,1.77,7.01,8.27,7.11,2.19,9.44,1.88,1.75,3.08,1.57,5.53,2.74,1.96,1.12,1.55,1.85,1.77,1.72,2.62,2.97,3.02,1.85,2.79,6.65,2.93,4.28,3.91,3.1,3.71,8.52,6.63,1.23,4.07,4.12,3.33,3.51,5.87,3.49,3.14,2.39,3.48,3.91,2.37,2.4,3.23,1.42,3.32,2.32,4.69,2.56,4.1,3.45,4.41,4.07,4.19,3.24,2.94,2.91,2.97,2.95,1.95,2.94,3.24,3.48,3.5,3.8,4.08,2.93,4.25,4.19,4.02,5.9,4.41,2.76,4.01,2.66,1.96,3.69,6.08,4.85,1.67,3.03,3.22,5.49,3.1,5.17,4.65
1/11/2020 6:00,0.038929961,2.37,2.24,2.76,5.88,2.22,2.3,1.17,9.88,2.67,2.03,3.93,2,1.91,1.19,4.53,4.47,1.18,2.26,2.25,4.38,2.09,4.15,2.41,4.13,1.42,2.04,7.17,8.34,6.71,2.42,9.59,1.73,1.84,3.33,1.15,5.61,2.63,2.24,1.14,1.22,1.88,1.85,1.73,2.63,3.19,3.19,1.83,2.34,6.79,2.93,4.44,3.99,3.31,3.88,8.66,6.39,1.29,3.79,4.26,3.53,3.72,6.04,3.58,3.35,2.39,3.56,3.99,2.59,2.53,3.39,1.19,3.54,2.55,4.77,2.16,4.21,3.61,4.43,3.79,4.3,3.46,3.21,3.17,3.19,2.48,2.19,2.98,3.43,3.93,3.64,3.91,4.11,3.2,4.36,4.3,4.12,5.83,4.43,2.35,3.74,2.72,2.24,3.78,5.93,4.96,1.36,3.28,3.29,5.35,3.34,5.17,4.74
1/11/2020 7:00,0.046742316,2.65,2.04,2.86,5.66,2.7,1.76,1.21,9.52,3,2.59,4.1,1.79,1.38,0.99,4.17,4.09,1.2,2,2.55,3.81,2.27,3.61,1.81,3.53,1.63,1.82,7.24,8.27,5.77,2.18,9.45,2.39,2.84,3.01,1.04,5.3,2.95,2.03,1.95,0.89,2.59,2.85,2.39,2.44,2.94,3.03,2.33,2.8,6.92,3.19,4.49,4.08,3.05,3.55,8.43,6.27,1.31,3.85,3.88,3.27,3.42,6.16,3.29,3,2.64,3.29,4.08,2.21,2.38,3.04,0.91,3.27,2.18,4.39,2.66,3.66,3.32,4.69,3.85,3.95,3.19,2.87,2.88,2.94,2.85,2.05,3.19,3.09,3.75,3.33,4.07,3.51,2.89,3.76,3.95,3.78,5.32,4.69,2.8,3.54,2.86,2.03,3.96,5.35,4.61,0.96,2.91,3.44,5.47,2.99,4.89,4.36
1/11/2020 8:00,0.033567981,2.19,2.08,2.84,5.27,2.68,1.52,1.01,8.71,3.11,2.54,3.29,1.46,1.26,1.68,4.05,3.98,1.26,1.86,1.84,3.21,1.53,2.99,1.64,3.28,1.62,2.21,6.89,7.87,4.87,2.32,9.11,2.52,2.5,2.73,1.66,4.7,2.53,1.94,2.32,1.71,2.31,2.52,2.27,1.88,2.51,2.51,2.38,2.93,6.55,2.49,3.96,3.96,2.69,3.38,8.11,5.07,1.31,3.72,3.75,2.99,3.22,5.76,3.01,2.82,2.03,3.01,3.96,2.5,2.01,2.83,1.62,3.01,2.45,4.32,2.34,3.56,3.03,4,3.72,3.81,2.9,2.52,2.46,2.51,2.91,2,2.42,2.9,2.88,3.05,3.34,3.36,2.49,3.66,3.81,3.62,5.27,4,3,3.28,2.58,1.94,3.14,5.16,4.46,1.82,2.6,3.04,5.29,2.8,4.53,4.29
1/11/2020 9:00,0.037944869,2.46,1.6,1.93,5.09,1.94,1.04,1.14,7.23,1.72,1.99,3.52,1.25,1.27,1.09,3.63,3.58,1.12,1.74,1.99,2.44,2.04,2.27,1.19,2.73,2.38,2.01,6.41,7.25,4.4,2.19,8.57,2.18,1.48,2.39,1.09,4.32,2.03,1.63,2.18,1.08,1.93,1.49,1.76,1.62,2.22,2.21,1.95,1.94,6.02,3.01,4.23,4.29,2.38,3.01,7.65,3.05,1.1,3.33,3.37,2.64,2.85,5.28,2.75,2.4,2.39,2.73,4.29,2.29,1.24,2.39,1.08,2.65,2.3,3.89,1.87,3.34,2.73,4.4,2.91,3.41,2.56,2.21,2.16,2.22,1.83,1.62,2.84,2.49,3.52,2.77,3.44,3.27,2.17,3.47,3.41,3.23,4.74,4.4,1.86,3.03,2.85,1.63,3.43,4.53,3.99,1.08,2.23,3.65,5.49,2.4,4.03,3.86
1/11/2020 10:00,0.043440548,1.77,1.41,1.88,5.2,2.24,1.15,1.17,4.53,1.86,2.26,2.36,1.15,2.11,1.16,2.85,2.82,1.16,1.47,2.45,2.32,2.44,2.07,1.39,2.08,2.42,1.48,5.61,6.42,3.76,1.6,8.27,1.52,1.26,2.08,1.18,4.34,2.27,1.77,1.47,1.18,1.55,1.26,1.43,1.42,1.99,1.95,1.52,2.1,5.24,2,3.45,2.97,2.06,2.42,7.45,1.44,1.14,2.4,2.68,2.23,2.36,4.59,2.24,2.02,1.82,2.23,2.97,1.6,1.48,1.99,1.18,2.24,1.61,3,2.39,2.61,2.25,3.71,2.4,2.62,2.18,1.99,1.98,1.99,2.12,1.48,2.1,2.05,2.36,2.26,2.73,2.49,1.99,2.72,2.62,2.48,3.39,3.71,1.94,2.31,1.87,1.77,2.55,3.02,3.41,1.2,2.01,2.33,5.69,2.04,3.36,2.98
1/11/2020 11:00,0.036776143,1.65,1.49,1.3,5.09,2.16,1.37,1.04,3.69,1.84,2.18,2.14,1.38,2.43,1.17,2.29,2.33,0.98,1.66,2.05,1.65,2.54,1.49,1.95,2.17,2.65,1.59,5.18,5.92,3.06,1.54,7.77,2.18,1.99,2.08,1.15,3.88,2.57,1.79,2.4,1.07,2.24,1.98,2.21,1.6,2.07,2.04,2.28,2.01,4.85,1.77,3.21,2.67,2.09,2.12,7.03,0.91,0.98,2.25,2.29,2.16,2.2,4.29,2.17,1.96,1.8,2.16,2.67,1.59,1.53,1.89,1.04,2.16,1.58,2.26,2.37,2.33,2.19,3.44,2.25,2.06,2.14,2.06,2.09,2.07,2.07,1.43,2.01,1.92,2.14,2.19,2.61,2.16,2.09,2.34,2.06,1.97,2.2,3.44,1.87,2.04,1.67,1.79,2.38,1.97,3.22,1.18,2.04,1.96,5.5,2.01,2.86,2.26
1/11/2020 12:00,0.026523671,2.12,1.92,1.35,4.7,2.45,1.4,1.85,2.9,2.47,2.39,2.77,1.12,2.39,1.74,2.38,2.39,1.72,2.32,1.83,1.69,2.81,1.62,2.35,2.61,2.7,1.86,4.83,5.44,2.52,1.79,7.03,3.52,3.5,2.58,1.69,3.68,3.42,2.28,2.87,1.7,3.58,3.5,3.53,2.25,2.79,2.73,3.61,2.39,4.55,2.21,3.22,3.27,2.66,2.24,6.42,1.07,1.71,2.24,2.29,2.51,2.38,4.12,2.57,2.33,2.29,2.58,3.27,1.69,1.32,2.26,1.64,2.48,1.73,2.51,2.52,2.38,2.54,3.58,2.24,2.14,2.53,2.78,2.87,2.79,2.48,1.81,2.45,2.24,2.77,2.55,2.92,2.3,2.87,2.34,2.14,2.05,2.66,3.58,2.32,2.53,1.96,2.28,2.68,2.46,3.38,1.77,2.73,2.14,5.19,2.39,2.83,2.49
1/11/2020 13:00,0.031453616,1.95,1.85,2.3,4,2.42,2.28,2.82,2.15,2.53,2.32,2.17,1.12,2.29,2.21,1.65,1.7,2.28,1.78,1.83,1.81,2.7,1.75,2.35,2.65,2.36,1.81,4.21,4.62,2.54,1.68,5.72,5.56,5.17,1.68,2.19,3.68,3.62,1.68,4.92,2.2,5.34,5.17,5.31,1.63,1.98,1.9,5.45,2.45,3.98,1.98,2.85,2.9,1.75,1.39,5.24,1.79,2.08,1.54,1.62,1.53,1.46,3.63,1.55,1.49,2.09,1.57,2.9,1.59,1.22,1.45,2.14,1.51,1.63,1.85,2.42,1.62,1.52,3.18,1.54,1.4,1.57,2.01,2.13,1.98,2.5,1.73,2.19,1.36,2.17,1.5,2.58,1.69,2.14,1.79,1.4,1.29,2.57,3.18,2.42,1.91,1.79,1.68,2.35,2.2,2.84,2.25,2.02,1.85,4.6,1.55,2.26,1.81
1/11/2020 14:00,0.038229747,1.6,1.52,2.02,3.66,2.13,2.24,3.19,1.88,2.21,2.08,1.92,1.31,2.25,2.03,1.49,1.43,2.38,1.82,2.14,2.08,2.32,2.08,2.38,2.57,2.06,1.75,3.84,4.19,2.57,1.35,5.35,6.14,5.49,1.33,2.03,3.58,3.21,1.73,6.16,2.15,5.83,5.49,5.8,1.52,1.73,1.71,5.94,2.14,3.62,1.68,2.58,2.14,1.45,1.23,4.83,1.7,2.01,1.33,1.33,1.19,1.17,3.31,1.37,1.21,1.73,1.39,2.14,1.26,1.09,1.18,2.07,1.17,1.3,1.92,2.16,1.21,1.23,2.72,1.33,1.4,1.23,1.68,1.83,1.73,2.16,1.41,1.89,1.16,1.92,1.25,2.31,1.21,1.82,1.22,1.4,1.34,2.8,2.72,2.12,1.23,1.47,1.73,2.11,2.87,2.18,2.19,1.63,1.55,4.23,1.24,1.86,1.87
1/11/2020 15:00,0.039735948,1.4,1.28,1.32,3.31,2.08,2.43,3.18,1.66,2.13,2.06,1.92,1.46,1.91,1.92,1.35,1.33,2.25,2.26,2.39,2.33,2.38,2.27,2.67,2.54,2.2,1.28,3.32,3.75,2.75,1.21,5.04,6.28,5.38,1.35,1.93,3.51,3.19,1.2,6.89,2.05,5.87,5.37,5.88,1.7,1.74,1.74,6.07,2.06,3.13,1.47,2.25,2.27,1.46,1.13,4.48,1.45,1.8,1.16,1.22,1.33,1.3,2.87,1.43,1.22,1.51,1.44,2.27,1.17,1.28,1.12,1.95,1.32,1.18,1.72,2.16,1.23,1.34,2.33,1.16,1.26,1.33,1.73,1.87,1.74,2.1,1.23,1.64,1.12,1.92,1.35,2.04,1.14,1.86,1.27,1.26,1.12,2.64,2.33,2.02,1.67,1.3,1.2,1.85,2.89,1.66,2.06,1.68,1.31,3.85,1.27,1.31,1.68
1/11/2020 16:00,0.036290095,1.56,1.48,1.34,3.13,2.41,3.25,2.78,2.96,2.33,2.44,2,2.25,1.71,2.05,2.88,2.8,2.08,2.93,2.58,2.74,2.46,2.7,2.44,2.41,2.1,1.9,3.71,4.27,3.76,1.47,4.97,5.84,4.73,1.6,2.11,3.03,3,1.49,6.97,2.14,5.36,4.72,5.35,1.51,1.4,1.38,5.57,2.37,3.49,1.6,2.41,2.04,1.46,2.24,4.35,1.64,1.72,1.93,2.6,1.81,2.05,3.13,1.51,1.72,1.65,1.5,2.04,1.48,1.78,1.59,2.05,1.85,1.47,3.1,2.49,2.09,1.68,2.62,1.93,2.69,1.74,1.47,1.53,1.4,2.38,1.48,1.74,1.76,2,1.63,2.14,2.04,1.52,2.33,2.69,2.54,3.46,2.62,2.31,2.87,1.54,1.49,1.93,3.42,1.38,2.12,1.46,1.5,3.61,1.74,0.96,3.08
1/11/2020 17:00,0.030510047,1.71,1.49,1.45,3.39,2.68,3.39,2.93,2.84,2.59,2.65,2.13,2.71,0.97,2.24,3.69,3.64,2.2,3.73,2.77,3.42,2.83,3.34,2.67,2.71,2.4,2.2,3.93,4.64,4.47,1.75,5.42,5.14,4.31,2.74,2.32,2.66,2.82,1.55,6.21,2.28,4.74,4.3,4.68,1.11,1.84,1.7,4.88,2.62,3.69,1.82,2.52,2.15,2.54,3.38,4.82,1.49,1.85,3.54,3.55,2.96,3.26,3.32,2.66,2.52,1.67,2.59,2.15,1.85,2.29,2.24,2.22,2.97,1.82,3.74,2.75,3.18,2.99,2.82,3.54,3.62,2.89,2.08,1.75,1.84,2.66,1.51,1.81,2.69,2.13,2.96,2.24,3.08,1.78,3.28,3.62,3.55,3.53,2.82,2.51,3.85,1.91,1.55,2.07,3.48,1.32,2.25,1.88,1.87,3.32,2.56,1.45,3.74
1/11/2020 18:00,0.031474986,1.9,1.6,3.13,3.23,3.15,3.1,3.19,3.25,3.37,2.97,2.11,1.84,0.89,2.25,4.34,4.31,2.18,3.5,2.72,2.82,3.73,2.71,2.69,2.65,3.44,2,3.8,4.4,4.85,2.01,5.51,4.88,3.99,4.32,2.3,1.95,2.44,1.71,5.39,2.2,4.37,3.99,4.22,1.59,3.77,3.86,4.46,3.18,3.6,2.03,2.53,2.2,4.18,4.43,4.87,1.59,1.76,4.46,4.35,4.46,4.49,3.3,4.49,3.89,1.76,4.5,2.2,2.09,2.09,3.61,2.11,4.45,2.07,4.16,3.17,4.32,4.44,2.58,4.46,4.38,4.42,3.6,3.39,3.77,3.3,1.8,1.91,4.01,2.11,4.43,2.3,4.32,3.24,4.18,4.38,4.43,3.51,2.58,3.09,4.6,2.14,1.71,2.19,3.49,2.28,2.23,3.13,2.11,2.73,3.97,2.35,4.19
1/11/2020 19:00,0.051600826,1.13,0.86,3.1,2.93,3.17,2.46,3.33,3.71,3.53,2.9,1.32,1.08,1.37,2.11,5.46,5.44,2.16,4.54,2.42,2.52,3.97,2.52,1.98,1.91,3.6,2.02,2.97,3.42,6.05,1.21,5.05,4.61,3.87,6.03,2.13,1.74,2.07,1.02,5.16,1.99,4.23,3.88,4.16,4.4,6.18,6.15,4.35,3.26,2.8,1.31,1.62,1.63,6.08,5.69,4.32,1.23,1.64,5.79,5.51,5.94,5.78,2.46,6.14,5.71,0.99,6.19,1.63,1.34,1.53,5.54,1.91,5.92,1.3,5.28,3.09,5.55,5.91,1.8,5.79,5.57,5.97,5.97,6.01,6.18,3.38,0.98,1.12,5.7,1.32,5.92,1.38,5.79,5.84,5.4,5.57,5.65,4.16,1.8,3.2,5.98,1.39,1.02,1.27,4.14,3.56,2.04,5.54,1.45,2.02,5.77,4.89,5.3
1/11/2020 20:00,0.07365673,1.1,1.02,3.37,2.74,2.96,1.21,3.37,3.25,3.48,2.67,1.32,0.69,1.39,1.96,5.91,5.91,2.03,4.74,1.97,1.5,4.23,1.48,1.39,1.64,3.85,2.63,2.95,3.33,6.74,1.08,4.77,3.75,2.78,6.85,1.99,2.18,2.86,0.95,4.09,1.72,3.25,2.79,3.15,5.22,7,6.96,3.41,3.1,2.72,1.27,1.63,1.65,6.89,6.31,4.21,0.88,1.51,6.09,6.06,6.64,6.44,2.4,6.87,6.59,1,6.92,1.65,1.09,1.02,6.4,1.66,6.63,1.09,5.58,2.86,6.17,6.62,1.84,6.09,6.05,6.71,6.92,6.91,7,3.24,1.03,1.09,6.51,1.32,6.65,1.35,6.39,6.8,5.94,6.05,6.17,4.12,1.84,3.08,6.13,1.28,0.95,1.31,4.01,4.22,1.81,6.61,1.3,2.01,6.66,5.51,5.63
1/11/2020 21:00,0.077194808,1.11,1.01,3.38,2.7,2.76,1.46,3.49,3.38,3.48,2.39,1.24,1,1.06,1.95,5.98,5.98,2.12,3.94,1.45,1.55,4.55,1.57,1.64,1.32,4.3,3.42,2.78,3.03,7.02,1.16,4.44,2.83,1.91,7.03,1.95,2.46,3.64,0.93,3.25,1.68,2.35,1.93,2.3,5.04,6.93,6.63,2.55,2.98,2.58,1.25,1.48,1.15,6.97,6.46,4,1.15,1.47,6.55,6.15,6.76,6.6,2.28,6.68,6.89,0.97,6.65,1.15,1.19,0.99,6.72,1.57,6.77,1.19,5.6,2.6,6.14,6.68,1.68,6.55,6.15,6.84,7,6.85,6.94,3.14,1.05,1.06,6.8,1.24,6.67,1.29,6.18,6.76,5.88,6.15,6.3,3.95,1.68,2.98,5.32,1.31,0.93,1.25,3.84,4.57,1.82,6.75,1.24,2.16,6.96,5.74,5.65
1/11/2020 22:00,0.057755545,1.52,1.53,2.59,2.58,2.29,2.65,3.51,3.95,3.21,1.9,1.54,1.35,1.21,1.62,5.19,5.14,2.34,2.82,1.13,1.78,4.31,1.67,1.3,1.39,4.62,4.29,2.62,2.98,7.43,1.67,4.36,2.05,1.35,6.12,1.56,2.93,3.42,1.63,2.54,1.69,1.66,1.36,1.58,4.3,5.85,5.47,1.83,2.58,2.43,1.6,1.71,1.73,5.96,5.71,3.88,1.49,1.34,5.65,5.32,5.88,5.77,2.19,5.54,6.24,1.34,5.5,1.73,1.7,1.33,6.17,1.53,5.91,1.7,4.74,2.04,5.12,5.72,1.78,5.65,5.48,5.96,6.12,5.97,5.85,2.77,1.61,1.34,6.2,1.54,5.66,1.48,5.01,6.05,4.84,5.48,5.7,3.06,1.78,2.66,3.51,1.75,1.63,1.52,3.02,3.12,1.84,6.17,1.68,2.03,6.28,3.79,4.8
1/11/2020 23:00,0.037023761,1.49,1.69,2.87,2.45,2.8,2.59,3.8,5.48,3.74,2.53,1.69,1.55,1.01,2.18,4.52,4.47,2.83,2.73,2.16,2.61,4.48,2.5,1.65,1.83,4.85,4.95,3.18,3.78,7.86,1.72,4.32,1.75,1.59,5.48,2.04,3.22,2.96,1.75,2.04,2.31,1.7,1.58,1.69,4.01,5.14,4.92,1.74,3.12,2.95,1.55,2.17,1.93,5.19,5.01,3.81,1.93,1.92,4.72,4.63,5.2,5.08,2.65,4.64,5.55,1.36,4.64,1.93,1.74,1.44,5.51,2.11,5.23,1.74,4.11,2.53,4.41,4.99,2.3,4.72,4.79,5.29,5.4,5.31,5.14,3.21,1.74,1.41,5.51,1.69,4.86,1.69,4.04,5.38,4.15,4.79,4.99,2.68,2.3,3.31,2.72,1.75,1.75,1.74,2.66,2.45,2.5,5.58,1.81,2.3,5.57,3.08,4.17
1/12/2020 0:00,0.024319989,2.17,2.03,2.64,3.34,2.41,2.46,4.23,7.2,3.39,2.15,2.78,2.26,1.6,2.69,3.3,3.27,3.13,2.75,1.83,3.55,3.71,3.38,2.01,3.03,4.04,4.48,4.41,4.99,8.17,2.14,5.37,1.73,1.51,4.52,2.54,3.88,3.18,2.09,1.29,2.75,1.76,1.5,1.79,4.41,4.57,4.38,1.82,2.81,4.16,2.49,3.29,3.34,4.38,3.88,4.84,3.16,2.24,3.91,3.47,4.19,3.99,3.8,3.88,4.58,2.09,3.89,3.34,2.17,2.06,4.62,2.55,4.19,2.16,2.87,2.05,3.46,4.06,3.56,3.91,3.57,4.29,4.73,4.79,4.57,2.83,2.08,2.33,4.49,2.78,3.97,2.72,3.2,4.82,3.19,3.57,3.78,2.04,3.56,3.06,2.72,2.43,2.09,2.82,1.95,2.37,2.88,4.91,2.86,2.77,4.58,2.15,2.93
1/12/2020 1:00,0.021478054,2.13,1.73,2.22,3.55,1.78,1.73,2.99,8.99,2.55,1.61,3.01,2.27,1.33,2.13,3.72,3.71,1.91,3.58,1.28,3.71,2.46,3.59,1.87,3.28,3.11,5.8,4.87,5.58,8.91,2.3,5.87,1.92,1.41,4.55,2.06,4.24,3.09,1.99,1.56,1.88,1.75,1.4,1.79,4.83,4.91,5,1.91,2.12,4.75,2.56,3.2,2.97,4.72,3.97,5.29,4.2,1.77,3.82,3.81,4.41,4.13,4.23,4.79,4.28,1.92,4.84,2.97,2.5,2.48,4.26,1.86,4.35,2.45,3.5,1.44,4.13,4.51,3.15,3.82,3.76,4.45,4.83,4.94,4.91,2.11,1.92,2.42,4.19,3.01,4.56,3.04,4.51,4.93,3.91,3.76,3.83,3.82,3.15,2.33,3.9,2.64,1.99,2.95,3.83,3.57,1.94,4.73,2.92,2.91,4.31,3.42,3.53
1/12/2020 2:00,0.025124312,2.87,1.86,2.93,4.32,1.25,1.53,2.09,9.78,1.44,1.14,4.06,2.1,1.49,1.55,4.42,4.39,1.24,4.04,1.14,4.37,1.72,4.06,2.17,3.57,2.61,5.87,6.3,6.71,9.8,2.56,7.05,1.18,1.38,4.84,1.57,5.06,2.73,2.6,1.29,1.06,1.39,1.37,1.35,4.99,4.99,5.01,1.27,1.3,6.22,3.41,4.13,3.75,4.9,4.54,6.41,5.13,1.17,4.45,4.45,4.74,4.61,5.62,4.94,4.72,2.79,4.97,3.75,2.59,2.38,4.72,1.09,4.72,2.62,4.36,1.21,4.6,4.78,4.01,4.45,4.48,4.77,5,5.05,4.99,1.33,2.11,3.36,4.67,4.06,4.81,4.19,4.91,5.04,4.51,4.48,4.53,5.17,4.01,1.26,4.49,3.21,2.6,3.98,5.35,4.28,1.04,4.94,3.51,3.61,4.75,4.77,4.37
1/12/2020 3:00,0.045613248,4.01,2.88,3.65,4.84,0.99,1.41,1.5,10.37,0.95,1.05,5.03,2.34,1.63,1.36,5.63,5.6,0.74,4.17,1.09,4.98,1.79,4.79,1.45,3.13,2.3,5.91,7.34,7.78,10.77,3.78,7.89,1.31,1.66,5.49,1.48,5.89,2.74,3.27,0.9,0.88,1.53,1.67,1.47,4.99,5.47,5.48,1.41,0.92,7.23,4.61,5.34,5.05,5.52,5.47,7.12,5.95,1.22,5.56,5.57,5.54,5.49,6.67,5.67,5.39,3.89,5.68,5.05,3.87,2.71,5.38,1.04,5.51,3.87,5.69,1.08,5.7,5.6,5.34,5.56,5.56,5.52,5.46,5.45,5.47,0.99,3.24,4.47,5.38,5.03,5.63,5.32,5.92,5.43,5.7,5.56,5.51,6.51,5.34,0.8,4.93,4.44,3.27,5.19,6.79,5.22,0.78,5.38,4.83,4.08,5.4,6.2,5.68
1/12/2020 4:00,0.040763379,4.08,2.96,3.69,5.52,0.81,2.3,0.94,9.69,0.82,0.84,5.08,1.84,1.69,1.29,5.38,5.37,0.63,4.14,0.62,5.6,1.51,5.55,1.37,3.33,2.41,5.43,7.62,8.07,10.89,3.74,8.46,2.35,2.64,4.85,1.43,5.98,2.24,3.27,1.51,0.86,2.71,2.64,2.64,4.4,4.96,5.11,2.6,0.86,7.49,4.65,5.48,5.09,4.96,5.06,7.83,5.74,1.41,5.16,5.27,5.02,5.04,6.92,5.42,4.71,4.04,5.42,5.09,3.76,2.84,4.74,1.09,4.98,3.79,5.56,0.77,5.52,5.19,5.55,5.16,5.24,4.97,4.81,4.86,4.96,0.83,3.27,4.57,4.75,5.08,5.28,5.47,5.76,4.81,5.54,5.24,5.14,6.57,5.55,0.88,5.06,4.41,3.27,5.29,6.84,4.92,0.72,4.71,4.72,4.43,4.71,6.03,5.54
1/12/2020 5:00,0.042748439,3.93,2.87,3.44,5.86,0.88,1.82,1.03,9.36,1.01,0.9,4.92,2.13,1.46,1.42,5.18,5.16,1.1,3.83,0.76,6.96,1.52,6.84,1.69,3.5,2.37,4.54,7.46,8.02,10.48,3.62,9.51,2.48,3.13,4.53,1.55,5.76,2.38,3.16,1.61,1.17,2.93,3.13,2.82,3.93,4.55,4.56,2.76,1.01,7.29,4.5,5.32,5,4.59,4.76,8.68,6.21,1.67,4.97,5.02,4.67,4.73,6.68,4.82,4.37,3.87,4.81,5,3.64,2.83,4.38,1.4,4.65,3.67,5.35,0.82,5.1,4.77,5.27,4.97,4.99,4.62,4.47,4.51,4.55,0.9,3.16,4.37,4.42,4.92,4.82,5.19,5.26,4.46,5.14,4.99,4.84,6.36,5.27,1.08,4.82,4.3,3.16,5.08,6.64,4.66,1.02,4.35,4.66,5.01,4.38,5.75,5.34
1/12/2020 6:00,0.029068556,3.08,2.44,3.04,5.95,1.66,1.44,2.24,9.12,1.99,1.61,4.05,2.76,1.45,2.46,5.4,5.38,2.65,3.49,1.19,7.27,1.61,7.07,2.46,4.02,1.78,4.05,7.59,8.91,9.42,2.89,9.69,3.29,4.81,4.37,2.63,5.77,2.27,2.95,1.69,2.46,4.08,4.82,3.95,3.54,4.23,4.25,3.73,1.93,7.29,3.58,4.63,4.15,4.37,4.81,8.77,6.86,2.97,4.79,5.18,4.57,4.71,6.42,4.66,4.36,3.07,4.64,4.15,2.89,2.85,4.42,2.68,4.56,2.91,5.73,1.35,5.16,4.67,4.66,4.79,5.16,4.5,4.21,4.18,4.23,1.82,2.67,3.55,4.43,4.05,4.71,4.5,5.24,4.18,5.27,5.16,4.98,7,4.66,2.04,4.66,3.35,2.95,4.28,7.26,5.1,2.2,4.21,3.63,4.77,4.34,6.01,5.69
1/12/2020 7:00,0.027535157,3.06,1.95,3.53,6.06,1.15,1.8,1.97,9.72,1.39,1.12,4.29,2.2,1.17,2.04,5.29,5.26,2.18,3.69,1.33,6.19,1.22,6.06,2.51,3.6,1.72,3.7,7.89,9.19,7.62,2.61,9.79,3.69,5.26,4.23,2.23,6.55,2.1,2.78,2.09,1.99,4.56,5.26,4.43,3.49,4.12,4.22,4.2,1.34,7.56,3.7,5.21,4.76,4.26,4.69,8.76,5.87,2.54,4.69,5.06,4.47,4.58,6.74,4.65,4.21,3,4.64,4.76,2.57,2.81,4.27,2.22,4.45,2.63,5.57,1.01,5.04,4.59,5.34,4.69,5.06,4.39,4.06,4.03,4.12,1.28,2.16,3.62,4.28,4.29,4.64,4.63,5.13,4.02,5.12,5.06,4.87,6.58,5.34,1.47,4.45,3.39,2.78,4.52,6.9,4.91,1.75,4.05,3.99,5.19,4.19,5.71,5.54
1/12/2020 8:00,0.024938351,2.97,1.91,2.5,6,1.21,1.5,1.45,9.65,1.57,1.15,4.28,1.86,1.13,1.59,5.13,5.1,1.45,3.47,0.8,4.71,1.36,4.64,2.1,3.4,1.45,3,7.59,8.6,5.34,2.58,9.65,3.05,4.31,4.17,1.79,5.94,2.3,2.05,1.87,1.38,3.78,4.31,3.63,3.61,4.15,4.27,3.45,1.45,7.27,3.65,5.26,5.28,4.24,4.55,8.65,5.46,2.08,4.56,4.9,4.37,4.44,6.57,4.62,4.11,2.89,4.62,4.78,2.61,2.33,4.17,1.62,4.34,2.64,5.43,1.01,4.93,4.51,5.35,4.56,4.92,4.31,4.07,4.07,4.15,1.4,2.07,3.54,4.17,4.28,4.57,4.57,5.07,4.06,4.98,4.92,4.75,6.53,5.35,1.53,4.47,3.35,2.05,4.51,6.87,4.63,1.2,4.05,3.9,5.18,4.09,5.38,5.4
1/12/2020 9:00,0.033708366,2.92,2.28,2.71,6.33,1.41,1.61,1.38,9.36,1.45,1.39,4.45,1.56,1.62,1.5,4.65,4.61,1.11,3.07,0.82,3.85,1.32,3.68,1.78,2.82,1.27,1.61,7.39,8.12,3.55,2.82,9.75,2.4,3.29,3.61,1.68,5.46,2.17,2.67,1.33,1.15,2.99,3.27,2.88,3.07,3.63,3.73,2.71,1.5,7.08,3.5,5.17,5.22,3.69,3.99,8.86,3.86,1.73,4.33,4.38,3.78,3.84,6.42,4.02,3.55,2.82,4.02,5.22,2.94,1.85,3.62,1.35,3.75,2.92,5.05,1.25,4.35,3.92,5.33,4.33,4.45,3.72,3.53,3.53,3.63,1.45,2.49,3.38,3.61,4.08,3.98,4.33,4.47,3.5,4.45,4.45,4.27,6.24,5.33,1.5,4.01,3.33,2.52,4.3,6.53,4.27,1.09,3.49,3.83,5.64,3.53,4.92,5
1/12/2020 10:00,0.033113832,2.93,2.29,1.47,6.51,1.31,0.99,1.97,8.18,1.41,1.28,4.06,1.45,2.37,1.34,5.1,5.05,1.18,3.4,1.31,3.61,1.75,3.31,1.64,2.63,1.88,1.12,7.25,7.55,2.18,2.72,9.98,2.47,2.98,3.8,1.45,5.6,2.78,2.42,1.55,1.15,2.86,2.97,2.68,3.09,3.63,3.68,2.58,1.37,7.01,3.48,5.4,4.9,3.8,4.42,9.11,2.34,1.2,4.29,4.82,4.04,4.23,6.44,4.12,3.83,2.91,4.11,5.49,2.8,1.87,3.89,1.22,4.04,2.8,5.52,1.23,4.69,4.13,5.65,4.29,4.9,3.96,3.61,3.56,3.63,1.35,2.4,3.53,3.94,4.06,4.16,4.52,4.72,3.57,4.87,4.9,4.71,6.81,5.65,1.36,4.4,3.24,2.42,4.32,7.08,4.39,1.13,3.61,4.01,5.95,3.8,5.29,5.47
1/12/2020 11:00,0.028907213,2.85,2.23,1.31,7.19,1.73,1.45,1.69,7.37,1.58,1.77,3.85,1.31,3.12,1.71,5.18,5.17,1.7,3.69,1.73,3.62,1.67,3.31,2.35,3.14,1.79,1.5,7.06,7.63,1.97,2.5,10.13,2.14,2.17,4.26,1.77,5.64,3.72,2.76,1.39,1.66,2.32,2.16,2.21,3.48,4.13,4.15,2.18,1.7,6.73,3.27,5.35,5.47,4.28,4.68,9.47,2,2.26,4.63,4.99,4.45,4.57,6.17,4.5,4.22,2.89,4.49,5.47,2.48,1.51,4.25,1.72,4.44,2.51,5.54,1.75,4.96,4.54,5.87,4.63,5,4.39,4.1,4.06,4.13,1.68,2.28,3.4,4.29,3.85,4.56,4.31,5.02,4.06,5.1,5,4.84,6.72,5.87,1.63,4.87,3,2.76,4.13,6.91,5.35,1.64,4.08,3.8,6.46,4.21,5.78,5.5
1/12/2020 12:00,0.04242622,3.47,2.81,1.92,7.66,2.1,1.63,2.09,6.46,1.88,2.16,4.75,1.44,3.82,2.07,4.98,4.98,2.01,3.8,2.18,4.49,1.92,4.11,3.26,4.14,2.11,2,7.52,8.16,1.54,3.11,10.37,1.66,2.35,4.29,2.01,5.27,4.63,3.46,1.39,2.04,1.8,2.35,1.85,3.53,4.19,4.19,1.7,2.06,7.19,3.81,5.64,5.09,4.3,4.58,9.73,2.66,2.03,4.79,4.84,4.44,4.52,6.6,4.47,4.25,3.55,4.45,5.09,3.07,2.03,4.3,2.05,4.43,3.11,5.27,2.15,4.84,4.51,6.18,4.79,4.8,4.39,4.18,4.14,4.19,2.02,2.9,3.98,4.29,4.75,4.53,4.8,4.89,4.16,4.94,4.8,4.66,6.35,6.18,2.03,4.92,3.54,3.46,4.61,6.46,5.76,2.01,4.2,4.14,6.84,4.24,5.92,5.23
1/12/2020 13:00,0.049061133,3.47,2.86,2.1,7.6,1.85,2.32,1.93,6.86,1.75,1.95,4.62,1.38,3.92,2.07,4.83,4.83,1.91,3.94,1.65,5.57,1.35,5.19,4.09,4.56,1.33,2.08,7.54,8.31,1.71,3.15,10.25,1.79,1.69,4.21,2.15,4.75,5.49,3.47,1.07,1.99,1.92,1.68,1.91,3.67,4.12,4.15,1.92,1.87,7.19,3.74,5.55,5.67,4.23,4.48,9.58,2.37,2.23,4.67,4.72,4.36,4.43,6.56,4.4,4.2,3.55,4.39,5.67,3.13,2.01,4.25,2.09,4.34,3.16,5.09,1.8,4.69,4.43,5.91,4.67,4.67,4.31,4.1,4.07,4.12,1.8,2.92,3.91,4.22,4.21,4.44,4.71,4.75,4.09,4.79,4.67,4.54,6.03,5.91,1.87,5.01,3.51,3.47,4.48,6.1,5.83,1.88,4.16,3.95,6.68,4.18,5.93,5.06
1/12/2020 14:00,0.043008531,3.46,2.87,3.25,7.1,1.55,2.85,1.33,6.59,1.44,1.64,4.48,1.27,3.65,1.78,4.43,4.43,1.54,3.65,1.42,4.97,1.25,4.69,4.66,4.91,1.21,2.8,7.09,7.85,2.82,3.1,10.06,2.28,2.42,3.81,1.87,4.29,5.85,3.45,1.61,1.81,2.37,2.4,2.42,3.17,3.67,3.7,2.41,1.55,6.77,3.73,5.14,4.64,3.82,4.1,9.24,2.36,1.92,4.09,4.31,3.96,4.04,6.19,3.98,3.84,3.54,3.97,4.64,3.04,1.91,3.89,1.85,3.95,3.08,4.67,1.51,4.28,4.02,5.37,4.09,4.29,3.91,3.68,3.61,3.67,1.49,2.88,3.88,3.86,4.48,4.03,4.56,4.32,3.65,4.37,4.29,4.18,5.59,5.37,1.52,4.77,3.48,3.45,4.37,5.62,5.55,1.7,3.76,3.88,6.29,3.82,5.68,4.64
1/12/2020 15:00,0.034994119,3.29,2.69,3.72,6.66,1.47,2.32,1.89,6.72,1.4,1.54,3.99,1.4,3.06,1.97,4.11,4.1,2.01,3.32,1.41,3.68,1,3.57,4.89,4.6,1.45,2.82,6.77,7.5,4.82,2.95,9.92,3.19,3.8,3.41,2.06,3.94,5.78,2.69,2.02,2.07,3.48,3.78,3.48,2.72,3.24,3.25,3.4,1.49,6.49,3.59,4.86,4.92,3.39,3.73,9.04,1.83,2.26,3.93,3.97,3.55,3.66,5.92,3.51,3.44,3.35,3.5,4.92,2.9,1.79,3.49,2.13,3.55,2.94,4.39,1.46,3.89,3.6,5.21,3.93,3.97,3.51,3.26,3.19,3.24,1.41,2.71,3.7,3.48,3.99,3.61,4.37,3.88,3.23,4,3.97,3.84,5.36,5.21,1.47,4.26,3.34,2.69,4.2,5.38,5.19,1.92,3.34,3.72,5.87,3.42,5.27,4.35
1/12/2020 16:00,0.031575212,3.12,2.62,4.04,6.08,1.07,2.42,2,6.5,1.18,1.16,4.03,1.96,2.2,1.84,4.27,4.24,2,3.08,0.93,3.58,0.79,3.46,4.64,4.34,1.46,3.24,6.49,7.17,6.5,2.86,9.23,3.03,3.22,3.32,1.94,3.84,5.78,3.1,2.45,1.92,3.09,3.21,3.06,2.45,3.11,3.07,3.09,1.14,6.23,3.38,4.55,4.1,3.29,3.81,8.4,1.93,2.09,3.68,4.09,3.51,3.68,5.67,3.35,3.39,3.17,3.32,4.1,2.83,1.98,3.44,2.04,3.52,2.86,4.59,1,3.87,3.53,4.84,3.68,4.13,3.45,3.16,3.09,3.11,1.05,2.7,3.47,3.46,4.03,3.51,4.1,3.76,3.13,4.02,4.13,3.99,5.66,4.84,1.23,4.05,3.17,3.1,3.93,5.69,5.19,1.8,3.23,3.48,5.16,3.36,5.3,4.55
1/12/2020 17:00,0.029424535,2.79,2.31,4.25,5.95,1.59,3.96,1.73,7.42,1.73,1.6,3.35,1.62,1.56,2.1,3.56,3.53,1.97,2.48,0.98,3.37,1.33,3.26,4.54,4.48,2.1,3.57,6.4,7.33,8.28,2.46,9.13,4.3,4.24,2.65,2.2,4.33,5.46,2.86,3.14,2.13,4.2,4.22,4.11,1.99,2.54,2.54,4.19,1.67,6.14,3.01,4.2,4.23,2.63,3.13,8.26,2.19,2.16,3.36,3.38,2.8,2.99,5.55,2.78,2.75,2.92,2.76,4.23,2.42,1.7,2.87,2.2,2.81,2.45,3.85,1.51,3.16,2.83,4.31,3.36,3.46,2.75,2.57,2.54,2.54,1.65,2.32,3.19,2.82,3.35,2.84,3.84,3.19,2.58,3.28,3.46,3.35,4.89,4.31,1.76,3.52,2.77,2.86,3.58,4.9,4.59,2.05,2.68,3.04,4.59,2.72,4.63,3.81
1/12/2020 18:00,0.027595698,2.86,2.44,3.95,6.13,2.58,2.58,1.56,7.36,2.4,2.61,3.71,2.07,1.75,2.35,3.09,3.04,2.12,2.32,1.83,3.74,2.28,3.75,4.51,4.5,3.19,3.71,6.41,7.52,9.07,2.74,9.53,4.08,3.51,2.39,2.48,4.99,4.44,2.56,3.31,2.34,3.84,3.48,3.73,2,2.22,2.18,3.88,2.54,6.15,3.11,4.32,3.9,2.33,2.75,8.59,3.35,2.59,2.54,2.9,2.45,2.61,5.48,2.37,2.59,2.87,2.36,3.9,2.78,2.52,2.71,2.46,2.48,2.78,3.47,2.55,2.67,2.44,4.52,2.54,3.07,2.43,2.3,2.26,2.23,2.53,2.55,3.18,2.65,3.71,2.43,3.79,2.86,2.3,2.83,3.07,3,4.68,4.52,2.51,3.23,2.97,2.56,3.62,4.63,4.14,2.21,2.41,3.34,4.77,2.54,4.27,3.42
1/12/2020 19:00,0.038656975,2.81,2.2,4.32,6.07,1.93,2.02,1.61,6.72,1.64,2.06,4.06,1.57,1.37,1.57,3.93,3.84,1.58,2.29,1.6,2.74,1.5,2.73,3.19,4.3,2.3,3.34,6.88,7.93,8.75,2.45,9.46,3.17,2.29,2.17,1.62,5.59,3.58,2.71,2.93,1.48,2.77,2.26,2.65,1.37,1.79,1.83,2.85,1.87,6.53,3.25,4.75,4.81,2.06,3.21,8.46,4.42,1.64,3.58,3.59,2.53,2.93,5.89,2.42,2.5,2.85,2.39,4.81,2.45,2.41,2.58,1.56,2.59,2.48,4.38,1.93,3.22,2.52,5.12,3.58,3.8,2.42,1.87,1.8,1.79,1.8,2.13,3.32,2.67,4.06,2.52,4.11,3.28,1.85,3.51,3.8,3.62,5.83,5.12,1.81,3.83,2.98,2.71,3.95,6.02,4.2,1.37,2.01,3.58,5.06,2.44,4.46,4.33
1/12/2020 20:00,0.039819819,2.35,1.71,4.12,5.9,2.1,1.99,1.7,6.36,1.74,2.19,3.86,1.25,1,1.77,4.03,3.93,1.7,2.3,1.89,2.38,1.38,2.46,2.71,4,2.24,2.03,6.88,7.85,9.44,2.05,9.52,1.88,1.6,2.28,1.91,6.62,3.27,1.75,1.88,1.68,1.88,1.57,1.78,1.29,1.78,1.79,1.87,2.01,6.48,2.89,4.65,4.13,2.09,3.35,8.46,3.92,2.03,2.92,3.69,2.61,3.06,5.81,2.39,2.68,2.33,2.37,4.13,2.09,1.57,2.71,1.84,2.69,2.1,4.47,2.1,3.21,2.53,5.12,2.92,3.94,2.5,1.87,1.76,1.78,1.98,1.75,2.9,2.84,3.86,2.51,3.83,3.23,1.8,3.49,3.94,3.77,5.86,5.12,1.89,3.74,2.6,1.75,3.72,5.99,4.03,1.54,1.95,3.23,5.26,2.63,4.35,4.42
